date,home,away,odds_home,odds_draw,odds_away,prob_home,prob_draw,prob_away
2026-04-01 00:00:00,Iraq,Bolivia,3.08,2.89,2.41,0.2991,0.3187,0.3822
2026-03-31 00:00:00,Bosnia,Italy,6.86,4.19,1.47,0.1369,0.2242,0.6389
2026-03-31 00:00:00,Czech Republic,Denmark,3.69,3.34,2.03,0.2549,0.2817,0.4634
2026-03-31 00:00:00,DR Congo,Jamaica,1.6,3.26,6.18,0.5715,0.2805,0.148
2026-03-31 00:00:00,Kosovo,Turkey,3.76,3.46,1.95,0.2491,0.2707,0.4803
2026-03-31 00:00:00,Sweden,Poland,2.08,3.33,3.51,0.451,0.2817,0.2673
2026-03-27 00:00:00,New Caledonia,Jamaica,27.4,11.83,1.04,0.0337,0.0781,0.8882
2026-03-26 00:00:00,Bolivia,Suriname,2.41,2.96,3.0,0.382,0.3111,0.3069
2026-03-26 00:00:00,Czech Republic,Ireland,1.96,3.35,3.92,0.4796,0.2806,0.2398
2026-03-26 00:00:00,Denmark,North Macedonia,1.19,6.63,14.92,0.7941,0.1425,0.0633
2026-03-26 00:00:00,Italy,Northern Ireland,1.24,5.73,13.39,0.7639,0.1653,0.0707
2026-03-26 00:00:00,Poland,Albania,1.6,3.64,6.23,0.5895,0.2591,0.1514
2026-03-26 00:00:00,Slovakia,Kosovo,2.37,3.01,3.24,0.397,0.3126,0.2904
2026-03-26 00:00:00,Turkey,Romania,1.43,4.74,6.61,0.6587,0.1987,0.1425
2026-03-26 00:00:00,Ukraine,Sweden,3.27,3.24,2.23,0.2877,0.2904,0.4219
2026-03-26 00:00:00,Wales,Bosnia,1.66,3.76,5.23,0.5685,0.251,0.1805
2025-11-19 00:00:00,Costa Rica,Honduras,1.49,3.98,5.88,0.6143,0.23,0.1557
2025-11-19 00:00:00,Guatemala,Suriname,3.32,3.3,2.05,0.2758,0.2775,0.4467
2025-11-19 00:00:00,Haiti,Nicaragua,1.18,6.21,12.53,0.7787,0.148,0.0733
2025-11-19 00:00:00,Jamaica,Curacao,1.9,3.17,4.02,0.4826,0.2893,0.2281
2025-11-19 00:00:00,Panama,El Salvador,1.11,7.73,18.89,0.8317,0.1194,0.0489
2025-11-19 00:00:00,Trinidad & Tobago,Bermuda,1.07,9.72,20.89,0.8611,0.0948,0.0441
2025-11-18 00:00:00,Austria,Bosnia,1.32,5.32,8.42,0.7118,0.1766,0.1116
2025-11-18 00:00:00,Belarus,Greece,8.32,5.3,1.32,0.1127,0.1769,0.7104
2025-11-18 00:00:00,Belgium,Liechtenstein,1.0,45.69,71.08,0.9653,0.0211,0.0136
2025-11-18 00:00:00,Bulgaria,Georgia,4.38,3.63,1.78,0.2143,0.2585,0.5272
2025-11-18 00:00:00,Iraq,United Arab Emirates,2.38,2.78,3.27,0.387,0.3313,0.2817
2025-11-18 00:00:00,Kosovo,Switzerland,4.55,3.41,1.81,0.2063,0.2752,0.5185
2025-11-18 00:00:00,Romania,San Marino,1.01,21.53,59.82,0.94,0.0441,0.0159
2025-11-18 00:00:00,Scotland,Denmark,3.51,3.35,2.07,0.2671,0.2799,0.453
2025-11-18 00:00:00,Spain,Turkey,1.18,7.23,13.69,0.8004,0.1306,0.069
2025-11-18 00:00:00,Sweden,Slovenia,1.68,3.62,5.24,0.5603,0.26,0.1796
2025-11-18 00:00:00,Wales,North Macedonia,1.58,3.91,5.67,0.5943,0.2401,0.1656
2025-11-17 00:00:00,Czech Republic,Gibraltar,1.02,19.5,53.12,0.9333,0.0488,0.0179
2025-11-17 00:00:00,Germany,Slovakia,1.27,5.75,9.56,0.7387,0.1632,0.0981
2025-11-17 00:00:00,Malta,Poland,9.53,5.11,1.31,0.0986,0.1839,0.7175
2025-11-17 00:00:00,Montenegro,Croatia,6.4,4.4,1.47,0.1469,0.2136,0.6395
2025-11-17 00:00:00,Netherlands,Lithuania,1.05,13.89,34.56,0.9042,0.0684,0.0275
2025-11-17 00:00:00,Northern Ireland,Luxembourg,1.88,3.1,4.79,0.5003,0.3034,0.1963
2025-11-16 00:00:00,Albania,England,10.76,4.99,1.3,0.0875,0.1886,0.7239
2025-11-16 00:00:00,Azerbaijan,France,20.94,8.39,1.12,0.0451,0.1125,0.8425
2025-11-16 00:00:00,Hungary,Ireland,2.02,3.21,3.84,0.464,0.292,0.2441
2025-11-16 00:00:00,Israel,Moldova,1.38,4.75,7.72,0.6806,0.1977,0.1217
2025-11-16 00:00:00,Italy,Norway,2.14,3.53,3.19,0.4392,0.2662,0.2946
2025-11-16 00:00:00,Nigeria,DR Congo,2.03,2.77,4.35,0.4546,0.3332,0.2122
2025-11-16 00:00:00,Portugal,Armenia,1.03,16.11,47.28,0.921,0.0589,0.0201
2025-11-16 00:00:00,Serbia,Latvia,1.14,7.69,19.22,0.8281,0.1228,0.0491
2025-11-16 00:00:00,Ukraine,Iceland,1.95,3.5,3.7,0.4798,0.2673,0.2529
2025-11-15 00:00:00,Bosnia,Romania,2.53,3.23,2.76,0.3704,0.2901,0.3395
2025-11-15 00:00:00,Cyprus,Austria,9.56,5.7,1.28,0.0986,0.1653,0.7361
2025-11-15 00:00:00,Denmark,Belarus,1.05,12.47,30.89,0.8943,0.0753,0.0304
2025-11-15 00:00:00,Georgia,Spain,11.49,6.14,1.23,0.0819,0.1532,0.7649
2025-11-15 00:00:00,Greece,Scotland,2.2,3.18,3.35,0.4258,0.2946,0.2796
2025-11-15 00:00:00,Kazakhstan,Belgium,16.81,7.51,1.15,0.056,0.1254,0.8186
2025-11-15 00:00:00,Liechtenstein,Wales,58.41,17.85,1.02,0.0163,0.0532,0.9306
2025-11-15 00:00:00,Slovenia,Kosovo,2.43,2.96,3.15,0.3857,0.3167,0.2976
2025-11-15 00:00:00,Switzerland,Sweden,1.51,4.05,6.31,0.6203,0.2313,0.1484
2025-11-15 00:00:00,Turkey,Bulgaria,1.11,9.33,19.31,0.85,0.1011,0.0489
2025-11-14 00:00:00,Bermuda,Curacao,10.5,5.83,1.21,0.0871,0.1569,0.756
2025-11-14 00:00:00,Croatia,Faroe Islands,1.08,10.61,25.83,0.8744,0.089,0.0366
2025-11-14 00:00:00,Finland,Malta,1.33,4.75,9.71,0.7057,0.1976,0.0967
2025-11-14 00:00:00,Gibraltar,Montenegro,13.94,5.49,1.24,0.0677,0.1718,0.7606
2025-11-14 00:00:00,Guatemala,Panama,3.41,2.96,2.17,0.2686,0.3094,0.422
2025-11-14 00:00:00,Haiti,Costa Rica,3.94,3.46,1.82,0.2324,0.2646,0.503
2025-11-14 00:00:00,Luxembourg,Germany,22.42,9.51,1.1,0.0421,0.0993,0.8586
2025-11-14 00:00:00,Nicaragua,Honduras,6.93,3.83,1.45,0.1318,0.2384,0.6298
2025-11-14 00:00:00,Poland,Netherlands,4.52,3.57,1.77,0.2075,0.2627,0.5298
2025-11-14 00:00:00,Slovakia,Northern Ireland,2.14,2.95,3.85,0.4384,0.318,0.2437
2025-11-14 00:00:00,Trinidad & Tobago,Jamaica,3.21,3.27,2.1,0.2849,0.2797,0.4355
2025-11-13 00:00:00,Andorra,Albania,13.58,4.82,1.27,0.0689,0.1942,0.7369
2025-11-13 00:00:00,Armenia,Hungary,6.09,4.37,1.49,0.1543,0.215,0.6307
2025-11-13 00:00:00,Azerbaijan,Iceland,5.51,3.85,1.6,0.1702,0.2436,0.5862
2025-11-13 00:00:00,Cameroon,DR Congo,2.08,2.85,3.96,0.4434,0.3236,0.2329
2025-11-13 00:00:00,England,Serbia,1.28,5.49,10.77,0.7396,0.1724,0.0879
2025-11-13 00:00:00,France,Ukraine,1.14,7.55,16.97,0.8209,0.124,0.0551
2025-11-13 00:00:00,Ireland,Portugal,8.5,4.49,1.38,0.1105,0.2091,0.6804
2025-11-13 00:00:00,Moldova,Italy,21.75,9.4,1.1,0.0433,0.1002,0.8565
2025-11-13 00:00:00,Nigeria,Gabon,1.66,3.31,5.57,0.5557,0.2787,0.1656
2025-11-13 00:00:00,Norway,Estonia,1.02,19.75,52.19,0.9335,0.0482,0.0182
2025-11-13 00:00:00,Suriname,El Salvador,1.61,3.4,5.61,0.568,0.269,0.163
2025-11-13 00:00:00,United Arab Emirates,Iraq,2.26,2.67,3.78,0.4091,0.3463,0.2446
2025-10-15 00:00:00,Curacao,Trinidad & Tobago,1.52,3.75,6.01,0.603,0.2444,0.1525
2025-10-15 00:00:00,El Salvador,Guatemala,2.92,2.89,2.47,0.3132,0.3165,0.3703
2025-10-15 00:00:00,Jamaica,Bermuda,1.04,12.09,32.44,0.8944,0.0769,0.0287
2025-10-15 00:00:00,Panama,Suriname,1.45,4.0,6.65,0.6327,0.2294,0.138
2025-10-14 00:00:00,Algeria,Uganda,1.45,3.98,6.71,0.6327,0.2305,0.1367
2025-10-14 00:00:00,Andorra,Serbia,18.76,6.69,1.17,0.0504,0.1414,0.8082
2025-10-14 00:00:00,Costa Rica,Nicaragua,1.12,7.47,18.82,0.8268,0.124,0.0492
2025-10-14 00:00:00,DR Congo,Sudan,1.3,4.83,9.47,0.711,0.1914,0.0976
2025-10-14 00:00:00,Estonia,Moldova,2.14,3.14,3.55,0.4378,0.2983,0.2639
2025-10-14 00:00:00,Gabon,Burundi,1.29,4.74,10.56,0.7172,0.1952,0.0876
2025-10-14 00:00:00,Guinea,Botswana,1.67,3.38,5.21,0.5511,0.2723,0.1766
2025-10-14 00:00:00,Honduras,Haiti,2.09,3.0,3.58,0.4385,0.3055,0.256
2025-10-14 00:00:00,Ireland,Armenia,1.54,4.18,5.72,0.6106,0.225,0.1644
2025-10-14 00:00:00,Italy,Israel,1.17,7.38,13.79,0.8043,0.1275,0.0682
2025-10-14 00:00:00,Ivory Coast,Kenya,1.11,7.46,24.24,0.8371,0.1246,0.0383
2025-10-14 00:00:00,Latvia,England,42.65,13.76,1.04,0.0222,0.0687,0.9091
2025-10-14 00:00:00,Morocco,Congo,1.03,12.81,41.0,0.9045,0.0727,0.0227
2025-10-14 00:00:00,Nigeria,Benin,1.39,4.34,7.37,0.6627,0.2123,0.125
2025-10-14 00:00:00,Portugal,Hungary,1.21,6.53,12.15,0.7783,0.1442,0.0775
2025-10-14 00:00:00,Qatar,United Arab Emirates,2.68,3.13,2.56,0.3445,0.2949,0.3606
2025-10-14 00:00:00,Saudi Arabia,Iraq,1.54,3.67,6.26,0.6004,0.2519,0.1477
2025-10-14 00:00:00,Senegal,Mauritania,1.12,7.15,20.88,0.8263,0.1294,0.0443
2025-10-14 00:00:00,Seychelles,Gambia,30.53,11.59,1.04,0.0303,0.0798,0.8898
2025-10-14 00:00:00,Somalia,Mozambique,8.76,4.43,1.33,0.1046,0.2068,0.6887
2025-10-14 00:00:00,South Africa,Rwanda,1.19,5.66,15.56,0.7772,0.1634,0.0594
2025-10-14 00:00:00,Spain,Bulgaria,1.02,22.07,60.47,0.9407,0.0435,0.0159
2025-10-14 00:00:00,Turkey,Georgia,1.57,4.33,5.15,0.5997,0.2175,0.1828
2025-10-13 00:00:00,Cameroon,Angola,1.27,4.82,11.44,0.7275,0.1917,0.0808
2025-10-13 00:00:00,Cape Verde,Eswatini,1.12,7.05,20.18,0.8235,0.1308,0.0457
2025-10-13 00:00:00,Equatorial Guinea,Liberia,3.15,2.87,2.38,0.2923,0.3208,0.3869
2025-10-13 00:00:00,Iceland,France,9.87,5.49,1.29,0.0957,0.1721,0.7322
2025-10-13 00:00:00,Lesotho,Zimbabwe,3.61,2.77,2.23,0.255,0.3323,0.4127
2025-10-13 00:00:00,Mauritius,Libya,6.27,3.25,1.62,0.1471,0.2837,0.5692
2025-10-13 00:00:00,North Macedonia,Kazakhstan,1.34,4.57,10.12,0.7014,0.2057,0.0929
2025-10-13 00:00:00,Northern Ireland,Germany,8.38,4.9,1.36,0.1127,0.1928,0.6945
2025-10-13 00:00:00,Sao Tome and Principe,Malawi,17.38,6.66,1.14,0.053,0.1384,0.8086
2025-10-13 00:00:00,Slovakia,Luxembourg,1.38,4.57,8.34,0.6815,0.2058,0.1128
2025-10-13 00:00:00,Slovenia,Switzerland,4.84,3.41,1.78,0.1946,0.2762,0.5292
2025-10-13 00:00:00,South Sudan,Togo,5.08,3.19,1.73,0.1809,0.288,0.5311
2025-10-13 00:00:00,Sweden,Kosovo,1.31,5.52,8.41,0.7178,0.1704,0.1118
2025-10-13 00:00:00,Tunisia,Namibia,1.37,4.12,8.9,0.6727,0.2237,0.1036
2025-10-13 00:00:00,Ukraine,Azerbaijan,1.18,6.51,15.91,0.7965,0.1444,0.0591
2025-10-13 00:00:00,Wales,Belgium,4.89,3.77,1.69,0.1927,0.2499,0.5575
2025-10-12 00:00:00,Burkina Faso,Ethiopia,1.15,6.51,16.71,0.8029,0.1418,0.0553
2025-10-12 00:00:00,Chad,Central Africa,2.23,2.95,3.36,0.4133,0.3124,0.2743
2025-10-12 00:00:00,Croatia,Gibraltar,1.0,47.6,120.4,0.9715,0.0204,0.0081
2025-10-12 00:00:00,Denmark,Greece,1.68,3.61,5.31,0.5612,0.2612,0.1776
2025-10-12 00:00:00,Djibouti,Sierra Leone,14.03,5.83,1.2,0.0662,0.1594,0.7744
2025-10-12 00:00:00,Egypt,Guinea Bissau,1.22,5.24,13.06,0.754,0.1756,0.0704
2025-10-12 00:00:00,Faroe Islands,Czech Republic,6.96,4.51,1.44,0.1356,0.2092,0.6552
2025-10-12 00:00:00,Ghana,Comoros,1.31,4.59,9.94,0.7056,0.2014,0.093
2025-10-12 00:00:00,Lithuania,Poland,9.85,4.99,1.31,0.0953,0.1881,0.7166
2025-10-12 00:00:00,Mali,Madagascar,1.95,3.21,3.82,0.4722,0.2868,0.241
2025-10-12 00:00:00,Netherlands,Finland,1.11,9.28,20.88,0.8527,0.102,0.0453
2025-10-12 00:00:00,Romania,Austria,4.94,3.87,1.67,0.191,0.2439,0.5651
2025-10-12 00:00:00,San Marino,Cyprus,16.65,6.88,1.16,0.0563,0.1362,0.8076
2025-10-12 00:00:00,Scotland,Belarus,1.12,8.53,21.41,0.8449,0.1109,0.0442
2025-10-12 00:00:00,Zambia,Niger,2.17,2.9,3.62,0.4259,0.3187,0.2553
2025-10-11 00:00:00,Bulgaria,Turkey,9.88,5.31,1.3,0.0956,0.1779,0.7265
2025-10-11 00:00:00,Curacao,Jamaica,3.22,2.99,2.24,0.2845,0.3064,0.409
2025-10-11 00:00:00,El Salvador,Panama,5.32,3.37,1.66,0.1729,0.273,0.5541
2025-10-11 00:00:00,Estonia,Italy,30.71,11.88,1.06,0.0307,0.0794,0.8899
2025-10-11 00:00:00,Hungary,Armenia,1.32,5.23,8.96,0.7144,0.1803,0.1053
2025-10-11 00:00:00,Iraq,Indonesia,1.75,3.61,4.23,0.5267,0.2553,0.2179
2025-10-11 00:00:00,Latvia,Andorra,1.6,3.39,6.98,0.5878,0.2774,0.1347
2025-10-11 00:00:00,Norway,Israel,1.22,6.86,10.65,0.7738,0.1376,0.0886
2025-10-11 00:00:00,Portugal,Ireland,1.13,8.12,20.71,0.8377,0.1166,0.0457
2025-10-11 00:00:00,Serbia,Albania,1.82,3.28,4.85,0.5181,0.2875,0.1944
2025-10-11 00:00:00,Spain,Georgia,1.15,8.11,15.47,0.8223,0.1166,0.0611
2025-10-11 00:00:00,United Arab Emirates,Oman,1.52,4.35,29.82,0.7141,0.2495,0.0364
2025-10-10 00:00:00,Belgium,North Macedonia,1.16,7.43,16.24,0.8146,0.1272,0.0582
2025-10-10 00:00:00,Bermuda,Trinidad & Tobago,4.24,3.96,1.66,0.2162,0.2315,0.5523
2025-10-10 00:00:00,France,Azerbaijan,1.01,29.55,86.55,0.9562,0.0327,0.0112
2025-10-10 00:00:00,Gambia,Gabon,3.49,3.14,2.09,0.2645,0.2939,0.4416
2025-10-10 00:00:00,Germany,Luxembourg,1.03,15.88,53.31,0.9224,0.0598,0.0178
2025-10-10 00:00:00,Honduras,Costa Rica,2.97,3.04,2.36,0.3091,0.302,0.389
2025-10-10 00:00:00,Iceland,Ukraine,3.15,3.31,2.26,0.2989,0.2845,0.4166
2025-10-10 00:00:00,Kazakhstan,Liechtenstein,1.07,10.5,38.94,0.8854,0.0902,0.0243
2025-10-10 00:00:00,Kosovo,Slovenia,2.4,2.97,3.2,0.3909,0.3159,0.2932
2025-10-10 00:00:00,Lesotho,Nigeria,30.8,12.43,1.04,0.0302,0.0749,0.8949
2025-10-10 00:00:00,Nicaragua,Haiti,3.61,3.34,1.94,0.2537,0.2742,0.4721
2025-10-10 00:00:00,Northern Ireland,Slovakia,2.41,2.85,3.31,0.3885,0.3286,0.2829
2025-10-10 00:00:00,Rwanda,Benin,2.98,2.86,2.5,0.3092,0.3222,0.3686
2025-10-10 00:00:00,Sao Tome and Principe,Tunisia,34.53,14.1,1.03,0.027,0.0662,0.9067
2025-10-10 00:00:00,Seychelles,Ivory Coast,65.2,33.2,1.01,0.0148,0.0291,0.9561
2025-10-10 00:00:00,South Sudan,Senegal,17.88,7.66,1.12,0.0518,0.121,0.8272
2025-10-10 00:00:00,Sudan,Mauritania,2.02,3.02,3.9,0.4573,0.3059,0.2368
2025-10-10 00:00:00,Suriname,Guatemala,2.36,2.94,3.1,0.39,0.3131,0.2969
2025-10-10 00:00:00,Sweden,Switzerland,2.43,3.43,2.78,0.3872,0.2743,0.3385
2025-10-10 00:00:00,Togo,DR Congo,4.09,3.22,1.89,0.2255,0.2865,0.488
2025-10-10 00:00:00,Zimbabwe,South Africa,17.5,4.79,1.22,0.0526,0.1923,0.7551
2025-10-09 00:00:00,Austria,San Marino,1.0,43.27,76.18,0.965,0.0223,0.0127
2025-10-09 00:00:00,Belarus,Denmark,22.76,8.26,1.12,0.0415,0.1144,0.844
2025-10-09 00:00:00,Botswana,Uganda,3.24,2.96,2.28,0.2844,0.3113,0.4042
2025-10-09 00:00:00,Burundi,Kenya,2.35,2.91,3.19,0.393,0.3174,0.2895
2025-10-09 00:00:00,Cyprus,Bosnia,3.8,3.38,1.99,0.2479,0.2787,0.4734
2025-10-09 00:00:00,Czech Republic,Croatia,3.2,3.38,2.2,0.294,0.2783,0.4276
2025-10-09 00:00:00,Faroe Islands,Montenegro,2.97,3.04,2.48,0.315,0.3078,0.3772
2025-10-09 00:00:00,Finland,Lithuania,1.54,3.85,6.43,0.6099,0.244,0.1461
2025-10-09 00:00:00,Liberia,Namibia,2.8,2.77,2.73,0.3293,0.3329,0.3378
2025-10-09 00:00:00,Malta,Netherlands,36.06,13.68,1.05,0.0263,0.0694,0.9043
2025-10-09 00:00:00,Mozambique,Guinea,2.57,2.95,2.81,0.359,0.3127,0.3283
2025-10-09 00:00:00,Scotland,Greece,2.75,3.1,2.65,0.3419,0.3033,0.3548
2025-10-09 00:00:00,Somalia,Algeria,43.47,15.33,1.02,0.0215,0.061,0.9174
2025-10-08 00:00:00,Central Africa,Ghana,13.09,6.06,1.19,0.0706,0.1525,0.7768
2025-10-08 00:00:00,Chad,Mali,11.06,4.92,1.27,0.0836,0.188,0.7284
2025-10-08 00:00:00,Comoros,Madagascar,2.36,2.84,3.25,0.3911,0.325,0.284
2025-10-08 00:00:00,Djibouti,Egypt,52.53,16.33,1.02,0.0179,0.0577,0.9243
2025-10-08 00:00:00,Eswatini,Angola,6.74,3.6,1.52,0.1369,0.2562,0.6069
2025-10-08 00:00:00,Ethiopia,Guinea Bissau,5.62,3.2,1.87,0.1736,0.3048,0.5216
2025-10-08 00:00:00,Indonesia,Saudi Arabia,6.19,3.92,1.5,0.1491,0.2355,0.6154
2025-10-08 00:00:00,Libya,Cape Verde,3.46,2.76,2.31,0.2666,0.3342,0.3993
2025-10-08 00:00:00,Mauritius,Cameroon,23.06,8.32,1.09,0.0401,0.1112,0.8487
2025-10-08 00:00:00,Niger,Congo,1.79,3.29,4.53,0.5157,0.2806,0.2038
2025-10-08 00:00:00,Oman,Qatar,4.49,3.01,1.89,0.2055,0.3065,0.4881
2025-10-08 00:00:00,Sierra Leone,Burkina Faso,4.41,3.24,1.82,0.209,0.2845,0.5065
2025-10-08 00:00:00,Tanzania,Zambia,2.7,2.83,2.78,0.3418,0.3261,0.332
2025-09-10 00:00:00,Bolivia,Brazil,3.57,3.24,2.12,0.2641,0.291,0.4448
2025-09-10 00:00:00,Chile,Uruguay,4.38,3.25,1.89,0.2144,0.2889,0.4968
2025-09-10 00:00:00,Costa Rica,Haiti,1.43,4.16,6.62,0.6411,0.2204,0.1385
2025-09-10 00:00:00,Curacao,Bermuda,1.18,6.53,11.31,0.7782,0.1406,0.0812
2025-09-10 00:00:00,Ecuador,Argentina,3.23,2.71,2.63,0.2924,0.3485,0.3591
2025-09-10 00:00:00,Honduras,Nicaragua,1.36,4.4,7.95,0.6756,0.2088,0.1156
2025-09-10 00:00:00,Jamaica,Trinidad & Tobago,1.36,4.47,7.5,0.6731,0.2048,0.1221
2025-09-10 00:00:00,Peru,Paraguay,2.65,2.73,3.15,0.3556,0.3452,0.2992
2025-09-10 00:00:00,Venezuela,Colombia,2.76,3.07,2.69,0.3419,0.3074,0.3508
2025-09-09 00:00:00,Albania,Latvia,1.31,4.87,10.56,0.7179,0.1931,0.0891
2025-09-09 00:00:00,Angola,Mauritius,1.15,6.41,18.56,0.8056,0.1445,0.0499
2025-09-09 00:00:00,Armenia,Ireland,3.83,3.42,1.96,0.2455,0.2749,0.4797
2025-09-09 00:00:00,Azerbaijan,Ukraine,8.73,4.72,1.36,0.1079,0.1996,0.6926
2025-09-09 00:00:00,Benin,Lesotho,1.46,3.7,8.03,0.6344,0.2503,0.1153
2025-09-09 00:00:00,Bosnia,Austria,5.04,3.73,1.68,0.1869,0.2525,0.5606
2025-09-09 00:00:00,Burkina Faso,Egypt,3.08,3.01,2.33,0.2989,0.3059,0.3952
2025-09-09 00:00:00,Cape Verde,Cameroon,2.81,2.75,2.75,0.3286,0.3357,0.3357
2025-09-09 00:00:00,Cyprus,Romania,4.63,3.64,1.75,0.2033,0.2587,0.538
2025-09-09 00:00:00,DR Congo,Senegal,3.42,2.78,2.31,0.2695,0.3315,0.399
2025-09-09 00:00:00,El Salvador,Suriname,2.26,2.87,3.31,0.4048,0.3188,0.2764
2025-09-09 00:00:00,France,Iceland,1.07,11.56,26.31,0.8824,0.0817,0.0359
2025-09-09 00:00:00,Gabon,Ivory Coast,4.0,2.78,2.11,0.2307,0.3319,0.4374
2025-09-09 00:00:00,Gambia,Burundi,1.79,3.28,4.51,0.5148,0.2809,0.2043
2025-09-09 00:00:00,Hungary,Portugal,6.31,4.51,1.47,0.1494,0.2091,0.6415
2025-09-09 00:00:00,Kenya,Seychelles,1.03,13.57,42.6,0.909,0.069,0.022
2025-09-09 00:00:00,Mauritania,South Sudan,1.34,4.29,9.7,0.6894,0.2153,0.0952
2025-09-09 00:00:00,Namibia,Sao Tome and Principe,1.15,6.2,19.09,0.8027,0.1489,0.0484
2025-09-09 00:00:00,Norway,Moldova,1.04,14.69,36.94,0.91,0.0644,0.0256
2025-09-09 00:00:00,Panama,Guatemala,1.33,4.61,8.14,0.6888,0.1987,0.1125
2025-09-09 00:00:00,Serbia,England,4.23,3.31,1.91,0.2226,0.2845,0.493
2025-09-09 00:00:00,Sierra Leone,Ethiopia,1.9,2.98,4.45,0.4844,0.3088,0.2068
2025-09-09 00:00:00,South Africa,Nigeria,2.77,2.73,2.81,0.3333,0.3382,0.3285
2025-09-09 00:00:00,Tanzania,Niger,1.7,3.23,5.35,0.5423,0.2854,0.1723
2025-09-09 00:00:00,Togo,Sudan,2.32,2.76,3.42,0.397,0.3337,0.2693
2025-09-09 00:00:00,Zimbabwe,Rwanda,2.87,2.68,2.77,0.3219,0.3447,0.3335
2025-09-08 00:00:00,Belarus,Scotland,7.85,4.28,1.42,0.1196,0.2193,0.6611
2025-09-08 00:00:00,Croatia,Montenegro,1.19,6.74,13.34,0.79,0.1395,0.0705
2025-09-08 00:00:00,Equatorial Guinea,Tunisia,3.5,2.83,2.25,0.2637,0.3261,0.4102
2025-09-08 00:00:00,Ghana,Mali,2.46,2.72,3.23,0.3751,0.3392,0.2857
2025-09-08 00:00:00,Gibraltar,Faroe Islands,7.06,3.86,1.51,0.1333,0.2437,0.623
2025-09-08 00:00:00,Greece,Denmark,2.32,3.17,3.16,0.4055,0.2968,0.2977
2025-09-08 00:00:00,Guinea,Algeria,4.31,3.25,1.84,0.2142,0.2841,0.5017
2025-09-08 00:00:00,Guinea Bissau,Djibouti,1.07,9.44,24.63,0.8645,0.098,0.0376
2025-09-08 00:00:00,Israel,Italy,7.55,5.04,1.37,0.1249,0.187,0.6881
2025-09-08 00:00:00,Kosovo,Sweden,5.21,3.99,1.61,0.1804,0.2356,0.5839
2025-09-08 00:00:00,Libya,Eswatini,1.44,3.79,8.13,0.6422,0.244,0.1138
2025-09-08 00:00:00,Madagascar,Chad,1.17,6.02,16.25,0.7897,0.1535,0.0569
2025-09-08 00:00:00,Malawi,Liberia,1.77,3.19,4.87,0.5213,0.2892,0.1895
2025-09-08 00:00:00,Mozambique,Botswana,1.82,3.16,4.57,0.5065,0.2917,0.2017
2025-09-08 00:00:00,Switzerland,Slovenia,1.38,4.54,8.13,0.6786,0.2063,0.1152
2025-09-08 00:00:00,Uganda,Somalia,1.07,9.09,27.94,0.865,0.1018,0.0331
2025-09-08 00:00:00,Zambia,Morocco,7.2,4.48,1.38,0.1278,0.2054,0.6668
2025-09-07 00:00:00,Belgium,Kazakhstan,1.04,14.47,36.75,0.9089,0.0653,0.0257
2025-09-07 00:00:00,Central Africa,Comoros,5.63,3.27,1.66,0.1636,0.2816,0.5548
2025-09-07 00:00:00,Georgia,Bulgaria,1.25,5.46,12.28,0.7515,0.172,0.0765
2025-09-07 00:00:00,Germany,Northern Ireland,1.19,7.19,13.41,0.7973,0.132,0.0708
2025-09-07 00:00:00,Lithuania,Netherlands,30.06,10.64,1.07,0.0313,0.0885,0.8802
2025-09-07 00:00:00,Luxembourg,Slovakia,4.93,3.31,1.79,0.1907,0.284,0.5252
2025-09-07 00:00:00,North Macedonia,Liechtenstein,1.06,12.03,39.0,0.8966,0.079,0.0244
2025-09-07 00:00:00,Poland,Finland,1.41,4.53,7.22,0.6638,0.2066,0.1296
2025-09-07 00:00:00,Turkey,Spain,6.03,4.4,1.5,0.1565,0.2145,0.6291
2025-09-06 00:00:00,Armenia,Portugal,18.16,9.23,1.12,0.0521,0.1026,0.8453
2025-09-06 00:00:00,Austria,Cyprus,1.09,10.72,22.69,0.8698,0.0884,0.0418
2025-09-06 00:00:00,England,Andorra,1.01,29.0,74.62,0.9539,0.0332,0.0129
2025-09-06 00:00:00,Haiti,Honduras,2.69,3.08,2.54,0.341,0.2978,0.3612
2025-09-06 00:00:00,Ireland,Hungary,2.65,2.96,2.87,0.3548,0.3176,0.3276
2025-09-06 00:00:00,Latvia,Serbia,11.13,5.17,1.29,0.0849,0.1827,0.7324
2025-09-06 00:00:00,Nicaragua,Costa Rica,6.54,3.84,1.48,0.1404,0.2391,0.6205
2025-09-06 00:00:00,Nigeria,Rwanda,1.33,4.24,10.38,0.6936,0.2176,0.0889
2025-09-06 00:00:00,San Marino,Bosnia,23.5,8.75,1.11,0.0402,0.108,0.8517
2025-09-06 00:00:00,Trinidad & Tobago,Curacao,3.28,3.21,2.1,0.279,0.2851,0.4358
2025-09-05 00:00:00,Argentina,Venezuela,1.24,5.68,13.41,0.7629,0.1665,0.0705
2025-09-05 00:00:00,Benin,Zimbabwe,2.23,2.92,3.37,0.4123,0.3149,0.2728
2025-09-05 00:00:00,Bermuda,Jamaica,10.19,5.29,1.25,0.0903,0.1739,0.7359
2025-09-05 00:00:00,Brazil,Chile,1.18,6.48,17.75,0.8009,0.1458,0.0532
2025-09-05 00:00:00,Colombia,Bolivia,1.11,9.2,22.44,0.8546,0.1031,0.0423
2025-09-05 00:00:00,Congo,Tanzania,3.42,2.97,2.18,0.2688,0.3095,0.4217
2025-09-05 00:00:00,Denmark,Scotland,1.44,4.19,7.84,0.6547,0.225,0.1203
2025-09-05 00:00:00,Djibouti,Burkina Faso,21.38,7.63,1.11,0.0434,0.1215,0.8351
2025-09-05 00:00:00,Egypt,Ethiopia,1.13,6.88,20.88,0.8208,0.1348,0.0444
2025-09-05 00:00:00,Faroe Islands,Croatia,11.28,5.5,1.26,0.0833,0.1709,0.7458
2025-09-05 00:00:00,Greece,Belarus,1.15,7.03,19.16,0.8173,0.1337,0.0491
2025-09-05 00:00:00,Guatemala,El Salvador,1.71,3.27,5.02,0.5366,0.2806,0.1828
2025-09-05 00:00:00,Iceland,Azerbaijan,1.43,4.41,7.26,0.6574,0.2132,0.1295
2025-09-05 00:00:00,Italy,Estonia,1.05,13.28,32.38,0.8997,0.0711,0.0292
2025-09-05 00:00:00,Ivory Coast,Burundi,1.2,5.49,15.09,0.7704,0.1684,0.0613
2025-09-05 00:00:00,Kenya,Gambia,2.2,2.88,3.53,0.4189,0.32,0.2611
2025-09-05 00:00:00,Lesotho,South Africa,17.09,4.65,1.24,0.0542,0.1991,0.7467
2025-09-05 00:00:00,Mauritania,Togo,2.77,2.91,2.62,0.3323,0.3163,0.3513
2025-09-05 00:00:00,Moldova,Israel,5.97,4.06,1.53,0.1569,0.2308,0.6123
2025-09-05 00:00:00,Montenegro,Czech Republic,5.16,3.81,1.65,0.1824,0.2471,0.5705
2025-09-05 00:00:00,Morocco,Niger,1.15,6.6,17.0,0.8052,0.1403,0.0545
2025-09-05 00:00:00,Namibia,Malawi,2.25,2.63,3.83,0.4093,0.3502,0.2405
2025-09-05 00:00:00,Paraguay,Ecuador,2.38,2.65,3.81,0.3964,0.356,0.2476
2025-09-05 00:00:00,Senegal,Sudan,1.21,5.05,18.69,0.7667,0.1837,0.0496
2025-09-05 00:00:00,Slovenia,Sweden,3.38,3.27,2.17,0.2785,0.2878,0.4337
2025-09-05 00:00:00,Somalia,Guinea,12.0,5.91,1.21,0.0772,0.1568,0.7659
2025-09-05 00:00:00,South Sudan,DR Congo,6.56,3.67,1.51,0.1402,0.2506,0.6092
2025-09-05 00:00:00,Switzerland,Kosovo,1.39,4.74,7.41,0.6753,0.198,0.1267
2025-09-05 00:00:00,Uganda,Mozambique,1.87,3.06,4.51,0.4936,0.3017,0.2047
2025-09-05 00:00:00,Ukraine,France,9.25,5.12,1.32,0.1019,0.1841,0.714
2025-09-05 00:00:00,Uruguay,Peru,1.42,4.07,8.97,0.6635,0.2315,0.105
2025-09-04 00:00:00,Algeria,Botswana,1.22,5.45,13.44,0.7607,0.1703,0.069
2025-09-04 00:00:00,Angola,Libya,1.58,3.4,6.41,0.5844,0.2716,0.144
2025-09-04 00:00:00,Bulgaria,Spain,34.56,12.59,1.05,0.0273,0.0749,0.8978
2025-09-04 00:00:00,Cameroon,Eswatini,1.18,5.68,16.53,0.7818,0.1624,0.0558
2025-09-04 00:00:00,Chad,Ghana,17.09,6.8,1.14,0.054,0.1358,0.8101
2025-09-04 00:00:00,Georgia,Turkey,2.96,3.38,2.33,0.3179,0.2784,0.4038
2025-09-04 00:00:00,Guinea Bissau,Sierra Leone,2.12,3.03,3.52,0.4344,0.3039,0.2616
2025-09-04 00:00:00,Kazakhstan,Wales,6.05,3.66,1.6,0.1554,0.2569,0.5877
2025-09-04 00:00:00,Liechtenstein,Belgium,84.7,29.1,1.01,0.0114,0.0332,0.9554
2025-09-04 00:00:00,Lithuania,Malta,1.59,3.45,6.85,0.5907,0.2722,0.1371
2025-09-04 00:00:00,Luxembourg,Northern Ireland,3.72,2.85,2.25,0.2526,0.3297,0.4177
2025-09-04 00:00:00,Madagascar,Central Africa,1.82,3.29,4.35,0.5072,0.2806,0.2122
2025-09-04 00:00:00,Mali,Comoros,1.4,4.03,8.41,0.6606,0.2295,0.11
2025-09-04 00:00:00,Mauritius,Cape Verde,7.56,3.87,1.44,0.1219,0.2381,0.64
2025-09-04 00:00:00,Netherlands,Poland,1.26,5.74,10.44,0.7462,0.1638,0.0901
2025-09-04 00:00:00,Sao Tome and Principe,Equatorial Guinea,12.03,4.48,1.29,0.0769,0.2064,0.7168
2025-09-04 00:00:00,Slovakia,Germany,6.96,4.75,1.41,0.1351,0.198,0.6669
2025-09-04 00:00:00,Suriname,Panama,4.78,3.43,1.69,0.1915,0.2669,0.5416
2025-09-04 00:00:00,Tunisia,Liberia,1.24,5.19,12.0,0.745,0.178,0.077
2025-09-03 00:00:00,Seychelles,Gabon,27.64,11.21,1.05,0.0336,0.0828,0.8837
2025-06-11 00:00:00,Argentina,Colombia,1.65,3.45,5.84,0.5679,0.2716,0.1605
2025-06-11 00:00:00,Brazil,Paraguay,1.37,4.45,9.34,0.6875,0.2117,0.1008
2025-06-11 00:00:00,Costa Rica,Trinidad & Tobago,1.27,5.13,8.66,0.7172,0.1776,0.1052
2025-06-11 00:00:00,Dominican Republic,Dominica,1.03,15.42,29.83,0.908,0.0607,0.0314
2025-06-11 00:00:00,El Salvador,Suriname,2.18,2.74,3.65,0.4179,0.3325,0.2496
2025-06-11 00:00:00,Guyana,Montserrat,1.69,3.35,4.82,0.5391,0.2719,0.189
2025-06-11 00:00:00,Honduras,Antigua and Barbuda,1.03,13.13,35.27,0.9028,0.0708,0.0264
2025-06-11 00:00:00,Jamaica,Guatemala,2.07,3.26,3.28,0.4413,0.2802,0.2785
2025-06-11 00:00:00,Panama,Nicaragua,1.32,4.62,8.28,0.692,0.1977,0.1103
2025-06-11 00:00:00,Peru,Ecuador,3.41,2.59,2.57,0.2745,0.3614,0.3642
2025-06-11 00:00:00,Puerto Rico,Saint Vincent and the Grenadines,1.36,4.64,6.78,0.6695,0.1962,0.1343
2025-06-11 00:00:00,Uruguay,Venezuela,1.61,3.56,6.02,0.5815,0.263,0.1555
2025-06-10 00:00:00,Bolivia,Chile,1.72,3.53,5.0,0.5461,0.2661,0.1878
2025-06-10 00:00:00,China,Bahrain,2.32,2.91,3.25,0.3982,0.3175,0.2843
2025-06-10 00:00:00,Cuba,Bermuda,1.49,4.23,5.2,0.6102,0.2149,0.1748
2025-06-10 00:00:00,Finland,Poland,3.24,3.1,2.32,0.2906,0.3037,0.4058
2025-06-10 00:00:00,Haiti,Curacao,2.06,3.33,3.18,0.4412,0.2729,0.2858
2025-06-10 00:00:00,Iran,North Korea,1.15,6.95,15.35,0.8062,0.1334,0.0604
2025-06-10 00:00:00,Japan,Indonesia,1.11,8.1,18.41,0.8352,0.1145,0.0504
2025-06-10 00:00:00,Jordan,Iraq,2.19,3.0,3.43,0.4222,0.3082,0.2696
2025-06-10 00:00:00,Kyrgyzstan,United Arab Emirates,4.73,3.55,1.71,0.1961,0.2613,0.5425
2025-06-10 00:00:00,Latvia,Albania,4.93,3.2,1.79,0.1889,0.291,0.5202
2025-06-10 00:00:00,Netherlands,Malta,1.03,17.8,58.0,0.9297,0.0538,0.0165
2025-06-10 00:00:00,Palestine,Oman,2.2,2.9,3.56,0.4208,0.3192,0.26
2025-06-10 00:00:00,Romania,Cyprus,1.38,4.82,7.74,0.6828,0.1955,0.1217
2025-06-10 00:00:00,Saint Kitts and Nevis,Grenada,4.36,4.08,1.59,0.2079,0.2221,0.57
2025-06-10 00:00:00,Saint Lucia,Barbados,1.77,3.89,3.59,0.5133,0.2336,0.2531
2025-06-10 00:00:00,San Marino,Austria,79.57,24.21,1.01,0.012,0.0396,0.9484
2025-06-10 00:00:00,Saudi Arabia,Australia,1.94,3.17,4.01,0.4771,0.292,0.2308
2025-06-10 00:00:00,Serbia,Andorra,1.05,11.53,41.71,0.8959,0.0816,0.0226
2025-06-10 00:00:00,South Korea,Kuwait,1.11,8.34,18.94,0.8391,0.1117,0.0492
2025-06-10 00:00:00,Uzbekistan,Qatar,1.57,3.59,6.02,0.5889,0.2575,0.1536
2025-06-09 00:00:00,Belgium,Wales,1.37,4.73,8.26,0.687,0.199,0.114
2025-06-09 00:00:00,Croatia,Czech Republic,2.01,3.33,3.72,0.4664,0.2815,0.252
2025-06-09 00:00:00,Estonia,Norway,23.19,9.68,1.1,0.0409,0.0979,0.8613
2025-06-09 00:00:00,Faroe Islands,Gibraltar,1.26,5.33,12.97,0.7499,0.1773,0.0728
2025-06-09 00:00:00,Italy,Moldova,1.04,14.03,39.6,0.9088,0.0674,0.0239
2025-06-09 00:00:00,Kazakhstan,North Macedonia,4.03,3.22,1.98,0.2333,0.2919,0.4748
2025-06-08 00:00:00,Bahamas,Costa Rica,77.18,36.0,1.0,0.0124,0.0267,0.9609
2025-06-08 00:00:00,Belize,Panama,37.73,13.38,1.03,0.0247,0.0697,0.9056
2025-06-07 00:00:00,Albania,Serbia,3.68,2.95,2.21,0.2556,0.3188,0.4256
2025-06-07 00:00:00,Andorra,England,79.58,22.04,1.01,0.012,0.0433,0.9447
2025-06-07 00:00:00,Anguilla,El Salvador,49.9,22.6,1.01,0.019,0.042,0.939
2025-06-07 00:00:00,Aruba,Haiti,19.65,10.05,1.06,0.0465,0.091,0.8625
2025-06-07 00:00:00,Austria,Romania,1.32,5.27,8.8,0.714,0.1788,0.1071
2025-06-07 00:00:00,Bosnia,San Marino,1.02,17.1,55.67,0.9277,0.0553,0.017
2025-06-07 00:00:00,British Virgin Islands,Jamaica,53.5,20.9,1.01,0.0177,0.0453,0.937
2025-06-07 00:00:00,Cayman Islands,Honduras,57.36,22.82,1.01,0.0166,0.0417,0.9417
2025-06-07 00:00:00,Curacao,Saint Lucia,1.13,7.32,13.29,0.8068,0.1246,0.0686
2025-06-07 00:00:00,Finland,Netherlands,12.78,5.93,1.23,0.0738,0.1591,0.7671
2025-06-07 00:00:00,Guatemala,Dominican Republic,2.1,3.09,3.33,0.4329,0.2942,0.273
2025-06-07 00:00:00,Malta,Lithuania,2.67,2.74,3.09,0.3523,0.3433,0.3044
2025-06-07 00:00:00,Nicaragua,Guyana,1.36,4.43,7.46,0.6715,0.2061,0.1224
2025-06-07 00:00:00,Trinidad & Tobago,Saint Kitts and Nevis,1.08,9.37,17.24,0.849,0.0979,0.0532
2025-06-06 00:00:00,Antigua and Barbuda,Cuba,5.0,4.09,1.52,0.1814,0.2218,0.5968
2025-06-06 00:00:00,Chile,Argentina,5.04,3.27,1.78,0.1861,0.2869,0.527
2025-06-06 00:00:00,Colombia,Peru,1.3,4.97,10.4,0.7212,0.1886,0.0902
2025-06-06 00:00:00,Czech Republic,Montenegro,1.3,5.25,10.16,0.727,0.18,0.093
2025-06-06 00:00:00,Ecuador,Brazil,3.98,2.91,2.12,0.2356,0.3222,0.4422
2025-06-06 00:00:00,Estonia,Israel,6.54,4.15,1.5,0.1442,0.2272,0.6286
2025-06-06 00:00:00,Gibraltar,Croatia,73.75,21.17,1.02,0.013,0.0454,0.9416
2025-06-06 00:00:00,North Macedonia,Belgium,8.81,4.74,1.35,0.1066,0.1981,0.6954
2025-06-06 00:00:00,Norway,Italy,2.63,3.26,2.65,0.3572,0.2882,0.3545
2025-06-06 00:00:00,Paraguay,Uruguay,2.78,2.58,3.13,0.3372,0.3633,0.2995
2025-06-06 00:00:00,Suriname,Puerto Rico,1.3,4.72,8.35,0.6988,0.1925,0.1088
2025-06-06 00:00:00,Venezuela,Bolivia,1.34,4.99,8.62,0.7023,0.1886,0.1092
2025-06-06 00:00:00,Wales,Liechtenstein,1.02,19.5,71.54,0.9376,0.049,0.0134
2025-06-05 00:00:00,Australia,Japan,2.58,2.98,2.79,0.3584,0.3103,0.3314
2025-06-05 00:00:00,Bahrain,Saudi Arabia,4.15,3.02,1.97,0.2232,0.3067,0.4701
2025-06-05 00:00:00,Bermuda,Cayman Islands,1.17,6.29,11.88,0.7785,0.1448,0.0767
2025-06-05 00:00:00,Grenada,Bahamas,1.05,11.68,23.93,0.882,0.0793,0.0387
2025-06-05 00:00:00,Indonesia,China,1.7,3.83,4.29,0.5434,0.2412,0.2153
2025-06-05 00:00:00,Iraq,South Korea,3.65,3.13,2.06,0.2539,0.2961,0.4499
2025-06-05 00:00:00,Kuwait,Palestine,3.65,3.23,2.01,0.2534,0.2864,0.4602
2025-06-05 00:00:00,North Korea,Kyrgyzstan,2.69,3.07,2.6,0.3435,0.301,0.3554
2025-06-05 00:00:00,Oman,Jordan,3.15,2.91,2.38,0.2936,0.3178,0.3886
2025-06-05 00:00:00,Qatar,Iran,2.71,3.15,2.54,0.3416,0.2939,0.3645
2025-06-05 00:00:00,Saint Vincent and the Grenadines,Anguilla,1.09,8.69,18.88,0.8452,0.106,0.0488
2025-06-05 00:00:00,United Arab Emirates,Uzbekistan,2.73,3.0,2.62,0.3388,0.3083,0.353
2025-06-04 00:00:00,Barbados,Aruba,1.95,3.56,3.27,0.4664,0.2555,0.2781
2025-06-04 00:00:00,Dominica,British Virgin Islands,1.3,4.87,8.22,0.7017,0.1873,0.111
2025-06-04 00:00:00,Montserrat,Belize,2.22,3.12,3.04,0.4095,0.2914,0.2991
2025-03-26 00:00:00,Argentina,Brazil,2.31,2.86,3.55,0.4068,0.3285,0.2647
2025-03-26 00:00:00,Chile,Ecuador,2.89,2.85,2.71,0.3246,0.3292,0.3462
2025-03-26 00:00:00,Colombia,Paraguay,1.43,4.07,8.39,0.6571,0.2309,0.112
2025-03-26 00:00:00,Venezuela,Peru,2.0,3.03,4.23,0.4688,0.3095,0.2217
2025-03-25 00:00:00,Algeria,Mozambique,1.24,5.13,12.03,0.7436,0.1797,0.0766
2025-03-25 00:00:00,Angola,Cape Verde,1.98,2.83,4.37,0.4645,0.325,0.2105
2025-03-25 00:00:00,Benin,South Africa,4.22,2.92,1.99,0.219,0.3165,0.4645
2025-03-25 00:00:00,Bolivia,Uruguay,2.69,3.01,2.76,0.3486,0.3116,0.3398
2025-03-25 00:00:00,Botswana,Somalia,1.28,4.72,10.59,0.7184,0.1948,0.0868
2025-03-25 00:00:00,Burundi,Seychelles,1.09,8.3,21.88,0.8466,0.1112,0.0422
2025-03-25 00:00:00,Cameroon,Libya,1.35,4.19,9.52,0.6831,0.2201,0.0969
2025-03-25 00:00:00,China,Australia,5.67,3.78,1.57,0.1636,0.2454,0.5909
2025-03-25 00:00:00,Comoros,Chad,1.16,6.32,16.25,0.7969,0.1463,0.0569
2025-03-25 00:00:00,Egypt,Sierra Leone,1.15,6.43,17.25,0.8029,0.1436,0.0535
2025-03-25 00:00:00,Gibraltar,Czech Republic,53.07,17.67,1.02,0.0178,0.0536,0.9286
2025-03-25 00:00:00,Indonesia,Bahrain,1.94,3.39,3.72,0.4776,0.2733,0.2491
2025-03-25 00:00:00,Iran,Uzbekistan,1.88,2.96,4.57,0.4886,0.3103,0.201
2025-03-25 00:00:00,Israel,Norway,5.75,4.3,1.52,0.1634,0.2185,0.6181
2025-03-25 00:00:00,Japan,Saudi Arabia,1.45,4.05,7.0,0.6389,0.2287,0.1323
2025-03-25 00:00:00,Kuwait,Oman,3.64,2.86,2.16,0.2527,0.3216,0.4258
2025-03-25 00:00:00,Kyrgyzstan,Qatar,5.44,3.78,1.56,0.1687,0.2428,0.5884
2025-03-25 00:00:00,Liechtenstein,Kazakhstan,10.03,4.17,1.38,0.0937,0.2254,0.681
2025-03-25 00:00:00,Mauritania,DR Congo,3.74,2.78,2.21,0.2477,0.3332,0.4191
2025-03-25 00:00:00,Moldova,Estonia,1.95,3.1,4.39,0.4823,0.3034,0.2143
2025-03-25 00:00:00,Montenegro,Faroe Islands,1.47,4.03,7.52,0.6409,0.2338,0.1253
2025-03-25 00:00:00,Morocco,Tanzania,1.12,7.36,19.0,0.8257,0.1256,0.0487
2025-03-25 00:00:00,Nigeria,Zimbabwe,1.2,5.48,14.34,0.7677,0.1681,0.0642
2025-03-25 00:00:00,North Korea,United Arab Emirates,4.46,3.34,1.77,0.206,0.275,0.519
2025-03-25 00:00:00,North Macedonia,Wales,3.16,3.09,2.36,0.2975,0.3042,0.3983
2025-03-25 00:00:00,Palestine,Iraq,4.02,2.91,2.01,0.2282,0.3153,0.4565
2025-03-25 00:00:00,Rwanda,Lesotho,1.5,3.37,8.27,0.6148,0.2737,0.1115
2025-03-25 00:00:00,Senegal,Togo,1.23,5.02,13.16,0.7471,0.1831,0.0698
2025-03-25 00:00:00,South Korea,Jordan,1.48,3.97,6.66,0.627,0.2337,0.1393
2025-03-25 00:00:00,Sudan,South Sudan,1.3,4.49,10.83,0.7094,0.2054,0.0852
2025-03-25 00:00:00,Uganda,Guinea,3.4,2.77,2.29,0.2694,0.3307,0.4
2025-03-24 00:00:00,Albania,Andorra,1.18,5.93,21.31,0.7972,0.1586,0.0441
2025-03-24 00:00:00,Bosnia,Cyprus,1.45,4.26,7.19,0.6485,0.2207,0.1308
2025-03-24 00:00:00,Central Africa,Mali,9.22,4.52,1.32,0.0998,0.2035,0.6968
2025-03-24 00:00:00,England,Latvia,1.02,19.03,55.6,0.9329,0.05,0.0171
2025-03-24 00:00:00,Ethiopia,Djibouti,1.38,4.05,8.23,0.6629,0.2259,0.1112
2025-03-24 00:00:00,Guinea Bissau,Burkina Faso,3.72,2.86,2.14,0.2476,0.322,0.4304
2025-03-24 00:00:00,Ivory Coast,Gambia,1.29,4.54,11.56,0.7165,0.2036,0.08
2025-03-24 00:00:00,Liberia,Sao Tome and Principe,1.26,4.86,11.73,0.7317,0.1897,0.0786
2025-03-24 00:00:00,Lithuania,Finland,3.54,2.96,2.23,0.2643,0.3161,0.4196
2025-03-24 00:00:00,Madagascar,Ghana,4.16,3.15,1.88,0.2206,0.2913,0.4881
2025-03-24 00:00:00,Namibia,Equatorial Guinea,2.99,2.92,2.43,0.3073,0.3146,0.3781
2025-03-24 00:00:00,New Caledonia,New Zealand,34.82,17.36,1.01,0.0267,0.0535,0.9198
2025-03-24 00:00:00,Poland,Malta,1.2,6.32,13.75,0.783,0.1487,0.0683
2025-03-24 00:00:00,San Marino,Romania,43.94,14.28,1.04,0.0216,0.0664,0.912
2025-03-24 00:00:00,Tunisia,Malawi,1.28,4.55,11.63,0.7187,0.2022,0.0791
2025-03-23 00:00:00,Eswatini,Mauritius,1.85,3.1,4.3,0.4933,0.2944,0.2123
2025-03-23 00:00:00,Kenya,Gabon,2.65,2.76,2.87,0.3468,0.333,0.3202
2025-03-22 00:00:00,Czech Republic,Faroe Islands,1.12,8.25,20.09,0.8393,0.1139,0.0468
2025-03-22 00:00:00,Israel,Estonia,1.32,4.97,9.22,0.7098,0.1885,0.1016
2025-03-22 00:00:00,Liechtenstein,North Macedonia,15.5,6.89,1.15,0.0598,0.1345,0.8057
2025-03-22 00:00:00,Moldova,Norway,10.25,5.18,1.29,0.0915,0.1811,0.7273
2025-03-22 00:00:00,Montenegro,Gibraltar,1.08,10.53,24.44,0.872,0.0894,0.0385
2025-03-22 00:00:00,Sudan,Senegal,11.03,3.98,1.34,0.0833,0.2309,0.6858
2025-03-22 00:00:00,Togo,Mauritania,1.73,3.17,5.1,0.5305,0.2895,0.18
2025-03-22 00:00:00,Wales,Kazakhstan,1.27,5.44,11.05,0.7416,0.1731,0.0852
2025-03-21 00:00:00,Andorra,Latvia,4.51,2.87,1.99,0.2067,0.3248,0.4685
2025-03-21 00:00:00,Botswana,Algeria,6.83,3.64,1.51,0.1351,0.2536,0.6113
2025-03-21 00:00:00,Brazil,Colombia,1.62,3.64,5.75,0.5791,0.2577,0.1632
2025-03-21 00:00:00,Burkina Faso,Djibouti,1.07,9.69,22.88,0.8642,0.0954,0.0404
2025-03-21 00:00:00,Burundi,Ivory Coast,11.44,4.75,1.27,0.0805,0.194,0.7255
2025-03-21 00:00:00,Cyprus,San Marino,1.16,6.64,17.72,0.8063,0.1409,0.0528
2025-03-21 00:00:00,DR Congo,South Sudan,1.11,7.31,21.56,0.831,0.1262,0.0428
2025-03-21 00:00:00,Ecuador,Venezuela,1.3,4.75,11.72,0.7222,0.1977,0.0801
2025-03-21 00:00:00,England,Albania,1.12,7.94,22.19,0.8393,0.1184,0.0424
2025-03-21 00:00:00,Equatorial Guinea,Sao Tome and Principe,1.14,6.31,20.07,0.8081,0.146,0.0459
2025-03-21 00:00:00,Ethiopia,Egypt,11.09,5.08,1.25,0.083,0.1811,0.736
2025-03-21 00:00:00,Ghana,Chad,1.03,12.92,27.67,0.8953,0.0714,0.0333
2025-03-21 00:00:00,Guinea,Somalia,1.07,9.59,22.0,0.8619,0.0962,0.0419
2025-03-21 00:00:00,Malta,Finland,4.54,3.09,1.9,0.2058,0.3024,0.4918
2025-03-21 00:00:00,New Caledonia,Tahiti,1.61,3.54,4.85,0.5597,0.2545,0.1858
2025-03-21 00:00:00,New Zealand,Fiji,1.02,12.93,28.29,0.8969,0.0708,0.0323
2025-03-21 00:00:00,Niger,Morocco,21.44,8.41,1.09,0.0431,0.1098,0.8471
2025-03-21 00:00:00,Peru,Bolivia,1.47,3.92,7.7,0.6386,0.2395,0.1219
2025-03-21 00:00:00,Poland,Lithuania,1.24,5.73,11.67,0.7561,0.1636,0.0803
2025-03-21 00:00:00,Romania,Bosnia,1.86,3.42,4.16,0.5023,0.2732,0.2246
2025-03-21 00:00:00,Rwanda,Nigeria,6.04,3.13,1.65,0.1517,0.2928,0.5555
2025-03-21 00:00:00,Uruguay,Argentina,2.63,2.83,3.02,0.3571,0.3319,0.311
2025-03-20 00:00:00,Australia,Indonesia,1.53,3.86,5.73,0.6012,0.2383,0.1605
2025-03-20 00:00:00,Cape Verde,Mauritius,1.19,5.66,14.88,0.7751,0.163,0.062
2025-03-20 00:00:00,Comoros,Mali,6.09,3.31,1.61,0.151,0.2778,0.5712
2025-03-20 00:00:00,Gabon,Seychelles,1.01,17.87,44.93,0.9268,0.0524,0.0208
2025-03-20 00:00:00,Gambia,Kenya,2.35,2.93,3.12,0.3914,0.3139,0.2948
2025-03-20 00:00:00,Iran,United Arab Emirates,1.4,4.13,7.6,0.6565,0.2225,0.1209
2025-03-20 00:00:00,Iraq,Kuwait,1.3,4.63,9.55,0.7058,0.1982,0.0961
2025-03-20 00:00:00,Japan,Bahrain,1.1,8.4,18.83,0.8408,0.1101,0.0491
2025-03-20 00:00:00,Jordan,Palestine,1.59,3.49,5.8,0.5781,0.2634,0.1585
2025-03-20 00:00:00,Libya,Angola,3.04,2.69,2.59,0.3027,0.3421,0.3553
2025-03-20 00:00:00,Malawi,Namibia,2.29,2.75,3.51,0.4024,0.3351,0.2625
2025-03-20 00:00:00,Mozambique,Uganda,2.84,2.84,2.62,0.3243,0.3243,0.3515
2025-03-20 00:00:00,Paraguay,Chile,1.87,3.14,4.79,0.5035,0.2999,0.1966
2025-03-20 00:00:00,Qatar,North Korea,1.55,3.86,5.44,0.593,0.2381,0.1689
2025-03-20 00:00:00,Saudi Arabia,China,1.39,4.36,7.45,0.6643,0.2118,0.1239
2025-03-20 00:00:00,Sierra Leone,Guinea Bissau,3.46,2.85,2.23,0.2656,0.3224,0.412
2025-03-20 00:00:00,South Korea,Oman,1.18,6.17,13.43,0.7818,0.1495,0.0687
2025-03-20 00:00:00,Uzbekistan,Kyrgyzstan,1.21,5.82,11.91,0.7637,0.1588,0.0776
2025-03-20 00:00:00,Zimbabwe,Benin,3.07,2.87,2.42,0.2996,0.3204,0.38
2025-03-19 00:00:00,Central Africa,Madagascar,2.69,3.01,2.59,0.341,0.3048,0.3542
2025-03-19 00:00:00,Eswatini,Cameroon,12.41,4.28,1.3,0.0744,0.2156,0.71
2025-03-19 00:00:00,Liberia,Tunisia,4.9,3.01,1.81,0.1874,0.3051,0.5074
2024-11-20 00:00:00,Argentina,Peru,1.15,6.89,19.12,0.815,0.136,0.049
2024-11-20 00:00:00,Brazil,Uruguay,1.6,3.64,6.05,0.5868,0.258,0.1552
2024-11-20 00:00:00,Chile,Venezuela,2.13,2.94,3.86,0.4393,0.3183,0.2424
2024-11-19 00:00:00,Bahrain,Australia,5.93,3.08,1.68,0.1549,0.2983,0.5468
2024-11-19 00:00:00,Bolivia,Paraguay,2.07,2.91,4.15,0.4525,0.3219,0.2257
2024-11-19 00:00:00,China,Japan,14.54,7.48,1.13,0.0632,0.1229,0.8138
2024-11-19 00:00:00,Colombia,Ecuador,1.69,3.35,5.63,0.5541,0.2795,0.1663
2024-11-19 00:00:00,Indonesia,Saudi Arabia,4.18,3.15,1.87,0.2192,0.2909,0.49
2024-11-19 00:00:00,Kuwait,Jordan,5.52,3.43,1.62,0.1662,0.2675,0.5663
2024-11-19 00:00:00,Kyrgyzstan,Iran,12.35,5.63,1.2,0.0742,0.1627,0.7632
2024-11-19 00:00:00,North Korea,Uzbekistan,4.39,3.34,1.78,0.2092,0.2749,0.5159
2024-11-19 00:00:00,Oman,Iraq,2.72,2.69,2.84,0.3368,0.3406,0.3226
2024-11-19 00:00:00,Palestine,South Korea,10.58,5.22,1.25,0.087,0.1764,0.7366
2024-11-19 00:00:00,United Arab Emirates,Qatar,2.53,3.16,2.65,0.3629,0.2906,0.3465
2024-11-18 00:00:00,Samoa,New Zealand,68.38,43.25,1.0,0.0141,0.0223,0.9636
2024-11-18 00:00:00,Tahiti,Vanuatu,1.55,4.01,4.69,0.5824,0.2251,0.1925
2024-11-17 00:00:00,Fiji,New Caledonia,2.42,3.04,2.73,0.3728,0.2968,0.3305
2024-11-17 00:00:00,Papua New Guinea,Solomon Islands,2.07,3.51,2.98,0.4378,0.2582,0.3041
2024-11-16 00:00:00,Peru,Chile,2.21,2.73,4.01,0.4236,0.3429,0.2335
2024-11-16 00:00:00,Uruguay,Colombia,2.21,3.03,3.5,0.4236,0.309,0.2675
2024-11-15 00:00:00,Ecuador,Bolivia,1.17,6.86,16.25,0.8048,0.1373,0.0579
2024-11-15 00:00:00,Indonesia,Japan,11.12,5.74,1.21,0.0825,0.1597,0.7578
2024-11-15 00:00:00,New Zealand,Vanuatu,1.01,18.2,35.6,0.9226,0.0512,0.0262
2024-11-15 00:00:00,Samoa,Tahiti,10.72,6.36,1.17,0.0844,0.1423,0.7733
2024-11-14 00:00:00,Australia,Saudi Arabia,1.93,3.05,4.09,0.4751,0.3007,0.2242
2024-11-14 00:00:00,Bahrain,China,1.61,3.43,5.55,0.5684,0.2668,0.1649
2024-11-14 00:00:00,Iraq,Jordan,2.13,2.88,3.6,0.429,0.3172,0.2538
2024-11-14 00:00:00,Kuwait,South Korea,12.58,5.92,1.19,0.073,0.1551,0.7718
2024-11-14 00:00:00,North Korea,Iran,9.48,4.49,1.31,0.0966,0.204,0.6993
2024-11-14 00:00:00,Oman,Palestine,1.82,2.99,4.74,0.5018,0.3055,0.1927
2024-11-14 00:00:00,Papua New Guinea,Fiji,5.45,4.12,1.47,0.1658,0.2194,0.6148
2024-11-14 00:00:00,Paraguay,Argentina,4.85,3.13,1.85,0.1934,0.2996,0.507
2024-11-14 00:00:00,Qatar,Uzbekistan,2.84,2.98,2.47,0.3223,0.3071,0.3706
2024-11-14 00:00:00,Solomon Islands,New Caledonia,4.4,3.35,1.7,0.204,0.268,0.528
2024-11-14 00:00:00,United Arab Emirates,Kyrgyzstan,1.51,3.66,6.38,0.6063,0.2502,0.1435
2024-11-14 00:00:00,Venezuela,Brazil,6.68,3.8,1.53,0.1404,0.2468,0.6129
2024-10-16 00:00:00,Argentina,Bolivia,1.05,12.19,29.46,0.8914,0.0768,0.0318
2024-10-16 00:00:00,Brazil,Peru,1.19,6.2,16.46,0.791,0.1518,0.0572
2024-10-16 00:00:00,Paraguay,Venezuela,1.79,3.23,5.02,0.5234,0.29,0.1866
2024-10-16 00:00:00,Uruguay,Ecuador,1.74,3.2,5.51,0.5378,0.2924,0.1698
2024-10-15 00:00:00,China,Indonesia,2.38,3.16,2.83,0.3855,0.2903,0.3242
2024-10-15 00:00:00,Colombia,Chile,1.33,4.63,10.06,0.7045,0.2024,0.0931
2024-10-15 00:00:00,Iran,Qatar,1.67,3.56,4.74,0.549,0.2575,0.1934
2024-10-15 00:00:00,Japan,Australia,1.33,4.6,7.94,0.6865,0.1985,0.115
2024-10-15 00:00:00,Jordan,Oman,1.91,2.96,4.33,0.4793,0.3093,0.2114
2024-10-15 00:00:00,Kyrgyzstan,North Korea,3.6,2.99,2.1,0.2552,0.3073,0.4375
2024-10-15 00:00:00,Palestine,Kuwait,1.8,3.17,4.49,0.5079,0.2884,0.2036
2024-10-15 00:00:00,Saudi Arabia,Bahrain,1.45,3.95,6.94,0.6345,0.2329,0.1326
2024-10-15 00:00:00,South Korea,Iraq,1.46,3.66,7.33,0.6257,0.2496,0.1246
2024-10-15 00:00:00,Uzbekistan,United Arab Emirates,1.48,3.91,6.25,0.6191,0.2343,0.1466
2024-10-12 00:00:00,Peru,Uruguay,4.66,3.08,1.9,0.2014,0.3047,0.4939
2024-10-11 00:00:00,Chile,Brazil,6.35,3.68,1.57,0.1477,0.2549,0.5974
2024-10-11 00:00:00,New Zealand,Tahiti,1.02,16.2,46.7,0.9218,0.058,0.0201
2024-10-10 00:00:00,Australia,China,1.15,6.63,14.32,0.7976,0.1383,0.0641
2024-10-10 00:00:00,Bahrain,Indonesia,2.19,3.08,3.23,0.4186,0.2976,0.2838
2024-10-10 00:00:00,Bolivia,Colombia,3.23,3.06,2.33,0.2905,0.3067,0.4028
2024-10-10 00:00:00,Ecuador,Paraguay,1.52,3.57,7.79,0.6169,0.2627,0.1204
2024-10-10 00:00:00,Iraq,Palestine,1.44,3.97,6.93,0.6367,0.231,0.1323
2024-10-10 00:00:00,Jordan,South Korea,4.31,3.31,1.79,0.2123,0.2765,0.5112
2024-10-10 00:00:00,New Caledonia,Papua New Guinea,1.68,3.46,4.39,0.5353,0.2599,0.2048
2024-10-10 00:00:00,Oman,Kuwait,1.5,3.74,6.42,0.6117,0.2453,0.1429
2024-10-10 00:00:00,Qatar,Kyrgyzstan,1.25,5.31,10.04,0.7353,0.1731,0.0916
2024-10-10 00:00:00,Saudi Arabia,Japan,5.31,3.77,1.57,0.1727,0.2432,0.5841
2024-10-10 00:00:00,Solomon Islands,Fiji,4.41,3.23,1.74,0.2041,0.2786,0.5173
2024-10-10 00:00:00,United Arab Emirates,North Korea,1.51,3.78,6.08,0.6069,0.2424,0.1507
2024-10-10 00:00:00,Uzbekistan,Iran,3.78,2.94,2.06,0.2427,0.312,0.4453
2024-10-10 00:00:00,Venezuela,Argentina,6.11,3.66,1.59,0.1536,0.2564,0.5901
2024-09-11 00:00:00,Paraguay,Brazil,7.42,3.93,1.48,0.1266,0.2389,0.6345
2024-09-10 00:00:00,Bahrain,Japan,10.0,5.16,1.26,0.092,0.1782,0.7298
2024-09-10 00:00:00,Chile,Bolivia,1.21,6.1,12.93,0.774,0.1535,0.0724
2024-09-10 00:00:00,China,Saudi Arabia,6.5,3.8,1.48,0.1408,0.2408,0.6184
2024-09-10 00:00:00,Colombia,Argentina,2.82,2.83,2.79,0.3325,0.3314,0.3361
2024-09-10 00:00:00,Ecuador,Peru,1.39,4.1,9.73,0.6748,0.2288,0.0964
2024-09-10 00:00:00,Indonesia,Australia,4.95,3.53,1.65,0.1851,0.2596,0.5553
2024-09-10 00:00:00,Kuwait,Iraq,4.32,3.29,1.79,0.2116,0.2778,0.5106
2024-09-10 00:00:00,Kyrgyzstan,Uzbekistan,6.83,3.78,1.48,0.1347,0.2435,0.6218
2024-09-10 00:00:00,North Korea,Qatar,5.68,3.45,1.6,0.1614,0.2657,0.5729
2024-09-10 00:00:00,Oman,South Korea,6.44,3.8,1.49,0.1425,0.2415,0.616
2024-09-10 00:00:00,Palestine,Jordan,3.4,2.91,2.2,0.2693,0.3146,0.4161
2024-09-10 00:00:00,United Arab Emirates,Iran,5.08,3.46,1.65,0.1803,0.2647,0.555
2024-09-10 00:00:00,Venezuela,Uruguay,3.26,2.91,2.41,0.2879,0.3226,0.3895
2024-09-07 00:00:00,Brazil,Ecuador,1.35,4.58,9.47,0.6957,0.2051,0.0992
2024-09-07 00:00:00,Peru,Colombia,5.34,3.05,1.82,0.1759,0.308,0.5161
2024-09-07 00:00:00,Uruguay,Paraguay,1.51,3.83,6.98,0.6209,0.2448,0.1343
2024-09-06 00:00:00,Argentina,Chile,1.31,4.78,11.0,0.7178,0.1967,0.0855
2024-09-05 00:00:00,Australia,Bahrain,1.19,5.81,13.71,0.7742,0.1586,0.0672
2024-09-05 00:00:00,Bolivia,Venezuela,1.95,3.23,4.11,0.4812,0.2905,0.2283
2024-09-05 00:00:00,Cook Islands,Tonga,1.38,4.3,6.5,0.6522,0.2093,0.1385
2024-09-05 00:00:00,Iran,Kyrgyzstan,1.05,10.83,24.83,0.8778,0.0851,0.0371
2024-09-05 00:00:00,Iraq,Oman,1.65,3.23,5.55,0.5531,0.2825,0.1644
2024-09-05 00:00:00,Japan,China,1.07,9.31,22.0,0.8594,0.0988,0.0418
2024-09-05 00:00:00,Jordan,Kuwait,1.32,4.49,9.04,0.6944,0.2042,0.1014
2024-09-05 00:00:00,Qatar,United Arab Emirates,1.6,3.53,5.37,0.571,0.2588,0.1701
2024-09-05 00:00:00,Saudi Arabia,Indonesia,1.29,4.9,9.0,0.7109,0.1872,0.1019
2024-09-05 00:00:00,South Korea,Palestine,1.07,9.08,21.33,0.8562,0.1009,0.0429
2024-09-05 00:00:00,Uzbekistan,North Korea,1.35,4.13,9.06,0.6776,0.2215,0.101
2024-06-12 00:00:00,Dominican Republic,British Virgin Islands,1.01,15.46,41.46,0.9177,0.06,0.0224
2024-06-12 00:00:00,Puerto Rico,Anguilla,1.01,25.68,53.82,0.9451,0.0372,0.0177
2024-06-11 00:00:00,Angola,Cameroon,2.71,2.67,2.88,0.3383,0.3434,0.3183
2024-06-11 00:00:00,Australia,Palestine,1.2,5.83,11.88,0.7652,0.1575,0.0773
2024-06-11 00:00:00,Cape Verde,Libya,1.67,3.34,5.33,0.5515,0.2757,0.1728
2024-06-11 00:00:00,Chad,Comoros,5.17,3.3,1.69,0.1778,0.2785,0.5438
2024-06-11 00:00:00,Congo,Morocco,16.46,6.54,1.15,0.0561,0.1412,0.8028
2024-06-11 00:00:00,Gabon,Gambia,1.84,3.11,4.47,0.4992,0.2953,0.2055
2024-06-11 00:00:00,Guyana,Belize,1.44,4.29,6.05,0.6355,0.2133,0.1512
2024-06-11 00:00:00,Indonesia,Philippines,1.21,5.81,10.81,0.7575,0.1578,0.0848
2024-06-11 00:00:00,Iran,Uzbekistan,1.66,3.42,5.28,0.5556,0.2697,0.1747
2024-06-11 00:00:00,Iraq,Vietnam,1.36,4.65,7.04,0.6731,0.1969,0.13
2024-06-11 00:00:00,Japan,Syria,1.16,6.88,12.92,0.7947,0.134,0.0713
2024-06-11 00:00:00,Kenya,Ivory Coast,7.13,3.93,1.44,0.1288,0.2336,0.6376
2024-06-11 00:00:00,Kuwait,Afghanistan,1.3,4.71,9.02,0.7042,0.1944,0.1015
2024-06-11 00:00:00,Lebanon,Bangladesh,1.27,4.57,12.12,0.7232,0.201,0.0758
2024-06-11 00:00:00,Lesotho,Rwanda,3.03,2.68,2.61,0.3038,0.3435,0.3527
2024-06-11 00:00:00,Madagascar,Mali,5.0,3.13,1.76,0.1839,0.2937,0.5224
2024-06-11 00:00:00,Malaysia,Chinese Taipei,1.08,9.42,17.46,0.85,0.0974,0.0526
2024-06-11 00:00:00,Mauritius,Eswatini,3.35,2.75,2.34,0.274,0.3338,0.3922
2024-06-11 00:00:00,North Korea,Myanmar,1.04,12.27,26.69,0.8899,0.0754,0.0347
2024-06-11 00:00:00,Oman,Kyrgyzstan,1.59,3.41,5.89,0.576,0.2686,0.1555
2024-06-11 00:00:00,Qatar,India,1.59,3.89,4.97,0.5785,0.2364,0.1851
2024-06-11 00:00:00,Saint Kitts and Nevis,Bahamas,1.2,5.88,10.77,0.7602,0.1551,0.0847
2024-06-11 00:00:00,Saint Lucia,Aruba,1.99,3.44,3.28,0.4576,0.2647,0.2776
2024-06-11 00:00:00,Saudi Arabia,Jordan,1.84,3.31,4.08,0.4983,0.277,0.2247
2024-06-11 00:00:00,Seychelles,Burundi,24.31,11.69,1.05,0.0381,0.0793,0.8826
2024-06-11 00:00:00,South Africa,Zimbabwe,1.44,4.0,6.89,0.6373,0.2294,0.1332
2024-06-11 00:00:00,South Korea,China,1.21,5.84,10.54,0.7564,0.1567,0.0868
2024-06-11 00:00:00,South Sudan,Sudan,3.57,2.78,2.21,0.2564,0.3293,0.4142
2024-06-11 00:00:00,Tajikistan,Pakistan,1.02,14.92,35.69,0.9116,0.0623,0.0261
2024-06-11 00:00:00,Thailand,Singapore,1.1,8.5,15.88,0.8343,0.108,0.0578
2024-06-11 00:00:00,Turkmenistan,Hong Kong,1.85,3.4,3.78,0.4918,0.2676,0.2407
2024-06-11 00:00:00,United Arab Emirates,Bahrain,2.12,3.09,3.35,0.4312,0.2959,0.2729
2024-06-11 00:00:00,Yemen,Nepal,1.31,4.53,8.67,0.6943,0.2008,0.1049
2024-06-11 00:00:00,Zambia,Tanzania,1.62,3.39,5.63,0.5664,0.2707,0.163
2024-06-10 00:00:00,Benin,Nigeria,6.63,3.56,1.52,0.1384,0.2578,0.6038
2024-06-10 00:00:00,Bermuda,Honduras,11.57,6.48,1.18,0.0794,0.1418,0.7788
2024-06-10 00:00:00,Burkina Faso,Sierra Leone,1.51,3.54,6.95,0.6083,0.2595,0.1322
2024-06-10 00:00:00,Equatorial Guinea,Malawi,1.65,3.27,5.63,0.5563,0.2807,0.163
2024-06-10 00:00:00,Ghana,Central Africa,1.27,4.8,11.23,0.7259,0.1921,0.0821
2024-06-10 00:00:00,Guinea,Mozambique,1.73,3.35,4.72,0.5311,0.2743,0.1947
2024-06-10 00:00:00,Guinea Bissau,Egypt,5.64,3.37,1.63,0.163,0.2729,0.5641
2024-06-10 00:00:00,Montserrat,Panama,33.46,13.81,1.03,0.0278,0.0675,0.9047
2024-06-10 00:00:00,Somalia,Botswana,5.88,3.46,1.59,0.1563,0.2656,0.5781
2024-06-10 00:00:00,Uganda,Algeria,4.19,3.06,1.91,0.2192,0.3001,0.4808
2024-06-09 00:00:00,Aruba,Curacao,10.25,6.08,1.2,0.0891,0.1502,0.7608
2024-06-09 00:00:00,Barbados,Haiti,28.71,11.57,1.04,0.0322,0.0798,0.888
2024-06-09 00:00:00,Belize,Nicaragua,8.16,4.44,1.34,0.112,0.2059,0.6821
2024-06-09 00:00:00,DR Congo,Togo,1.52,3.54,6.76,0.6045,0.2596,0.1359
2024-06-09 00:00:00,Djibouti,Ethiopia,8.06,4.36,1.36,0.114,0.2107,0.6754
2024-06-09 00:00:00,Dominica,Jamaica,34.08,15.19,1.02,0.0273,0.0612,0.9115
2024-06-09 00:00:00,Grenada,Costa Rica,18.14,8.68,1.09,0.0507,0.1059,0.8434
2024-06-09 00:00:00,Mauritania,Senegal,9.48,4.53,1.32,0.0973,0.2037,0.699
2024-06-09 00:00:00,Namibia,Tunisia,5.56,3.01,1.74,0.1655,0.3057,0.5288
2024-06-09 00:00:00,Saint Vincent and the Grenadines,El Salvador,10.18,6.19,1.2,0.0899,0.1478,0.7623
2024-06-09 00:00:00,Sao Tome and Principe,Liberia,6.41,4.04,1.46,0.1433,0.2274,0.6293
2024-06-08 00:00:00,Anguilla,Suriname,43.0,21.5,1.01,0.0219,0.0439,0.9342
2024-06-08 00:00:00,Bahamas,Trinidad & Tobago,18.92,9.81,1.07,0.0485,0.0936,0.8579
2024-06-08 00:00:00,British Virgin Islands,Guatemala,35.23,14.85,1.02,0.0264,0.0626,0.911
2024-06-08 00:00:00,Cameroon,Cape Verde,1.84,3.13,4.45,0.4997,0.2937,0.2066
2024-06-08 00:00:00,Gambia,Seychelles,1.04,11.82,27.64,0.8884,0.0782,0.0334
2024-06-07 00:00:00,Angola,Eswatini,1.28,4.76,10.71,0.7202,0.1937,0.0861
2024-06-07 00:00:00,Costa Rica,Saint Kitts and Nevis,1.04,12.05,30.2,0.8923,0.077,0.0307
2024-06-07 00:00:00,El Salvador,Puerto Rico,1.51,4.0,5.3,0.6015,0.2271,0.1714
2024-06-07 00:00:00,Honduras,Cuba,1.11,7.68,18.25,0.8296,0.1199,0.0505
2024-06-07 00:00:00,Ivory Coast,Gabon,1.37,4.32,7.82,0.6701,0.2125,0.1174
2024-06-07 00:00:00,Kenya,Burundi,1.97,3.06,3.94,0.4665,0.3003,0.2332
2024-06-07 00:00:00,Madagascar,Comoros,3.21,2.79,2.4,0.2867,0.3299,0.3835
2024-06-07 00:00:00,Morocco,Zambia,1.18,6.12,12.57,0.7772,0.1499,0.073
2024-06-07 00:00:00,Mozambique,Somalia,1.19,6.23,10.5,0.7667,0.1464,0.0869
2024-06-07 00:00:00,Nigeria,South Africa,1.58,3.59,5.7,0.5823,0.2563,0.1614
2024-06-07 00:00:00,Panama,Guyana,1.1,8.3,17.3,0.836,0.1108,0.0532
2024-06-07 00:00:00,Uganda,Botswana,1.9,3.03,4.39,0.4855,0.3044,0.2101
2024-06-07 00:00:00,Zimbabwe,Lesotho,1.85,2.92,4.88,0.4969,0.3148,0.1884
2024-06-06 00:00:00,Afghanistan,Qatar,7.53,5.23,1.31,0.1221,0.1758,0.702
2024-06-06 00:00:00,Algeria,Guinea,1.53,3.7,6.18,0.602,0.2489,0.149
2024-06-06 00:00:00,Bahrain,Yemen,1.12,7.38,19.0,0.826,0.1253,0.0487
2024-06-06 00:00:00,Bangladesh,Australia,51.1,17.2,1.02,0.0185,0.0549,0.9266
2024-06-06 00:00:00,Benin,Rwanda,2.2,2.88,3.52,0.4186,0.3198,0.2616
2024-06-06 00:00:00,China,Thailand,1.8,3.38,4.16,0.5088,0.271,0.2202
2024-06-06 00:00:00,Chinese Taipei,Oman,16.55,7.63,1.12,0.0557,0.1209,0.8234
2024-06-06 00:00:00,Curacao,Barbados,1.01,15.57,32.43,0.9124,0.0592,0.0284
2024-06-06 00:00:00,Egypt,Burkina Faso,1.47,3.93,6.77,0.6285,0.2351,0.1365
2024-06-06 00:00:00,Guatemala,Dominica,1.02,14.14,38.43,0.9102,0.0657,0.0242
2024-06-06 00:00:00,Guinea Bissau,Ethiopia,1.48,3.65,7.34,0.6222,0.2523,0.1255
2024-06-06 00:00:00,Haiti,Saint Lucia,1.1,7.73,17.5,0.8298,0.1181,0.0522
2024-06-06 00:00:00,Hong Kong,Iran,20.5,9.3,1.08,0.0451,0.0994,0.8556
2024-06-06 00:00:00,India,Kuwait,2.73,2.99,2.53,0.3342,0.3052,0.3606
2024-06-06 00:00:00,Indonesia,Iraq,3.59,3.19,1.99,0.2545,0.2864,0.4591
2024-06-06 00:00:00,Jamaica,Dominican Republic,1.17,6.28,12.75,0.7824,0.1458,0.0718
2024-06-06 00:00:00,Jordan,Tajikistan,1.59,3.57,5.43,0.5753,0.2562,0.1685
2024-06-06 00:00:00,Kyrgyzstan,Malaysia,1.78,3.51,4.05,0.5137,0.2605,0.2258
2024-06-06 00:00:00,Libya,Mauritius,1.17,6.14,16.36,0.7923,0.151,0.0567
2024-06-06 00:00:00,Malawi,Sao Tome and Principe,1.19,5.68,14.68,0.7749,0.1623,0.0628
2024-06-06 00:00:00,Mali,Ghana,2.01,3.04,3.92,0.46,0.3041,0.2359
2024-06-06 00:00:00,Mauritania,Sudan,1.64,3.35,5.59,0.5609,0.2746,0.1645
2024-06-06 00:00:00,Myanmar,Japan,69.78,26.44,1.01,0.0137,0.0363,0.95
2024-06-06 00:00:00,Nepal,United Arab Emirates,39.6,14.65,1.03,0.0237,0.0641,0.9121
2024-06-06 00:00:00,Nicaragua,Montserrat,1.1,7.96,17.71,0.8331,0.1151,0.0517
2024-06-06 00:00:00,North Korea,Syria,2.65,2.97,2.64,0.3453,0.3081,0.3466
2024-06-06 00:00:00,Pakistan,Saudi Arabia,41.0,16.6,1.02,0.0229,0.0566,0.9205
2024-06-06 00:00:00,Palestine,Lebanon,1.92,3.02,4.12,0.4758,0.3025,0.2217
2024-06-06 00:00:00,Senegal,DR Congo,1.44,3.74,7.95,0.6385,0.2458,0.1157
2024-06-06 00:00:00,Singapore,South Korea,31.2,12.6,1.04,0.0299,0.074,0.8962
2024-06-06 00:00:00,Trinidad & Tobago,Grenada,1.23,5.58,9.6,0.7415,0.1635,0.095
2024-06-06 00:00:00,Uzbekistan,Turkmenistan,1.06,11.15,24.4,0.8783,0.0835,0.0382
2024-06-06 00:00:00,Vietnam,Philippines,1.25,5.28,9.75,0.7326,0.1734,0.0939
2024-06-05 00:00:00,Antigua and Barbuda,Bermuda,1.99,3.8,2.98,0.4563,0.239,0.3047
2024-06-05 00:00:00,Central Africa,Chad,1.62,3.47,5.45,0.5669,0.2646,0.1685
2024-06-05 00:00:00,Namibia,Liberia,2.03,2.9,4.01,0.4533,0.3173,0.2295
2024-06-05 00:00:00,Sierra Leone,Djibouti,1.24,5.08,12.55,0.7447,0.1818,0.0736
2024-06-05 00:00:00,Suriname,Saint Vincent and the Grenadines,1.04,12.05,26.5,0.8885,0.0767,0.0349
2024-06-05 00:00:00,Togo,South Sudan,1.34,4.27,9.77,0.6892,0.2163,0.0945
2024-06-05 00:00:00,Tunisia,Equatorial Guinea,1.39,4.01,8.64,0.6633,0.2299,0.1067
2024-03-26 00:00:00,Bahrain,Nepal,1.01,17.0,47.63,0.9254,0.055,0.0196
2024-03-26 00:00:00,Bangladesh,Palestine,14.75,6.57,1.15,0.0622,0.1397,0.7981
2024-03-26 00:00:00,China,Singapore,1.15,6.82,13.3,0.7968,0.1344,0.0689
2024-03-26 00:00:00,India,Afghanistan,1.47,3.99,6.3,0.6243,0.23,0.1457
2024-03-26 00:00:00,Jordan,Pakistan,1.01,17.79,51.57,0.9291,0.0527,0.0182
2024-03-26 00:00:00,Kuwait,Qatar,5.61,3.61,1.57,0.1632,0.2536,0.5832
2024-03-26 00:00:00,Kyrgyzstan,Chinese Taipei,1.09,7.98,21.0,0.8414,0.1149,0.0437
2024-03-26 00:00:00,Lebanon,Australia,12.75,5.76,1.19,0.0718,0.1589,0.7693
2024-03-26 00:00:00,Malaysia,Oman,3.58,3.04,2.04,0.2543,0.2995,0.4463
2024-03-26 00:00:00,Philippines,Iraq,9.58,4.76,1.28,0.0953,0.1917,0.713
2024-03-26 00:00:00,Syria,Myanmar,1.06,9.67,22.06,0.8638,0.0947,0.0415
2024-03-26 00:00:00,Tajikistan,Saudi Arabia,3.88,3.03,1.97,0.2353,0.3013,0.4634
2024-03-26 00:00:00,Thailand,South Korea,7.3,4.58,1.36,0.1256,0.2002,0.6742
2024-03-26 00:00:00,Turkmenistan,Iran,21.9,8.58,1.08,0.042,0.1071,0.8509
2024-03-26 00:00:00,Uzbekistan,Hong Kong,1.04,12.22,30.89,0.8938,0.0761,0.0301
2024-03-26 00:00:00,Vietnam,Indonesia,2.09,2.91,3.68,0.4374,0.3142,0.2484
2024-03-26 00:00:00,Yemen,United Arab Emirates,10.05,4.89,1.27,0.0912,0.1874,0.7215
2024-03-21 00:00:00,Afghanistan,India,7.18,3.96,1.43,0.1276,0.2314,0.6409
2024-03-21 00:00:00,Australia,Lebanon,1.11,7.64,16.77,0.8254,0.1199,0.0546
2024-03-21 00:00:00,Chinese Taipei,Kyrgyzstan,8.09,4.28,1.36,0.1131,0.2139,0.673
2024-03-21 00:00:00,Hong Kong,Uzbekistan,12.5,5.82,1.2,0.0737,0.1583,0.7679
2024-03-21 00:00:00,Indonesia,Vietnam,2.18,3.12,3.14,0.4179,0.292,0.2901
2024-03-21 00:00:00,Iran,Turkmenistan,1.03,13.59,32.09,0.9026,0.0684,0.029
2024-03-21 00:00:00,Iraq,Philippines,1.03,13.09,32.36,0.9005,0.0709,0.0287
2024-03-21 00:00:00,Japan,North Korea,1.05,12.09,23.73,0.8841,0.0768,0.0391
2024-03-21 00:00:00,Myanmar,Syria,19.23,10.91,1.06,0.0478,0.0843,0.8678
2024-03-21 00:00:00,Nepal,Bahrain,43.2,14.55,1.02,0.0216,0.0641,0.9143
2024-03-21 00:00:00,Oman,Malaysia,1.54,3.79,5.54,0.5937,0.2412,0.165
2024-03-21 00:00:00,Pakistan,Jordan,26.55,11.73,1.04,0.0347,0.0786,0.8867
2024-03-21 00:00:00,Palestine,Bangladesh,1.11,7.39,19.27,0.8279,0.1244,0.0477
2024-03-21 00:00:00,Qatar,Kuwait,1.26,5.1,9.93,0.7278,0.1798,0.0924
2024-03-21 00:00:00,Saudi Arabia,Tajikistan,1.31,4.64,8.68,0.6977,0.197,0.1053
2024-03-21 00:00:00,Singapore,China,8.8,4.91,1.29,0.104,0.1864,0.7096
2024-03-21 00:00:00,South Korea,Thailand,1.12,7.7,15.55,0.8214,0.1195,0.0592
2024-03-21 00:00:00,United Arab Emirates,Yemen,1.11,7.7,18.82,0.8312,0.1198,0.049
2023-11-22 00:00:00,Brazil,Argentina,2.46,3.05,3.0,0.3807,0.3071,0.3122
2023-11-22 00:00:00,Peru,Venezuela,2.54,2.86,3.09,0.369,0.3277,0.3033
2023-11-21 00:00:00,Afghanistan,Kuwait,41.71,12.14,1.04,0.0225,0.0771,0.9004
2023-11-21 00:00:00,Bahrain,United Arab Emirates,2.66,2.79,2.77,0.3432,0.3272,0.3296
2023-11-21 00:00:00,Bangladesh,Lebanon,10.63,4.47,1.3,0.0865,0.2058,0.7077
2023-11-21 00:00:00,Botswana,Guinea,4.24,3.14,1.87,0.2166,0.2924,0.491
2023-11-21 00:00:00,China,South Korea,12.13,5.91,1.2,0.076,0.156,0.7681
2023-11-21 00:00:00,Chinese Taipei,Malaysia,7.16,4.51,1.38,0.1286,0.2042,0.6672
2023-11-21 00:00:00,Comoros,Ghana,3.73,3.04,2.03,0.246,0.3019,0.4521
2023-11-21 00:00:00,Ecuador,Chile,1.59,3.6,6.13,0.5879,0.2596,0.1525
2023-11-21 00:00:00,Eswatini,Cape Verde,4.58,3.11,1.83,0.201,0.296,0.503
2023-11-21 00:00:00,Ethiopia,Burkina Faso,5.28,3.33,1.68,0.1746,0.2768,0.5486
2023-11-21 00:00:00,Hong Kong,Turkmenistan,2.31,3.09,2.96,0.3956,0.2957,0.3087
2023-11-21 00:00:00,India,Qatar,4.87,3.62,1.64,0.1882,0.2531,0.5587
2023-11-21 00:00:00,Jordan,Saudi Arabia,3.57,3.04,2.06,0.2559,0.3005,0.4435
2023-11-21 00:00:00,Kyrgyzstan,Oman,3.37,3.02,2.16,0.272,0.3036,0.4244
2023-11-21 00:00:00,Lesotho,Benin,5.09,3.17,1.74,0.1808,0.2903,0.5289
2023-11-21 00:00:00,Libya,Cameroon,5.46,3.43,1.64,0.1689,0.2688,0.5623
2023-11-21 00:00:00,Malawi,Tunisia,5.99,3.44,1.59,0.1536,0.2675,0.5788
2023-11-21 00:00:00,Mauritius,Angola,5.47,3.49,1.62,0.1682,0.2637,0.5681
2023-11-21 00:00:00,Myanmar,North Korea,18.94,7.66,1.12,0.0491,0.1213,0.8296
2023-11-21 00:00:00,Nepal,Yemen,3.46,2.8,2.23,0.264,0.3263,0.4097
2023-11-21 00:00:00,Niger,Zambia,5.38,3.66,1.59,0.1708,0.2511,0.578
2023-11-21 00:00:00,Pakistan,Tajikistan,8.25,4.44,1.35,0.1115,0.2072,0.6813
2023-11-21 00:00:00,Palestine,Australia,16.38,6.28,1.16,0.0564,0.1471,0.7965
2023-11-21 00:00:00,Paraguay,Colombia,3.32,3.0,2.3,0.2817,0.3117,0.4066
2023-11-21 00:00:00,Philippines,Indonesia,4.02,3.36,1.81,0.2264,0.2708,0.5028
2023-11-21 00:00:00,Rwanda,South Africa,3.26,2.83,2.33,0.2816,0.3244,0.394
2023-11-21 00:00:00,Sao Tome and Principe,Namibia,10.88,4.83,1.27,0.0846,0.1906,0.7248
2023-11-21 00:00:00,Singapore,Thailand,8.5,4.94,1.3,0.108,0.1858,0.7062
2023-11-21 00:00:00,Somalia,Uganda,9.94,4.35,1.33,0.0929,0.2124,0.6947
2023-11-21 00:00:00,South Sudan,Mauritania,4.66,3.37,1.74,0.1976,0.2732,0.5292
2023-11-21 00:00:00,Syria,Japan,28.0,11.19,1.05,0.0331,0.0829,0.8839
2023-11-21 00:00:00,Tanzania,Morocco,9.13,4.2,1.36,0.1011,0.2199,0.679
2023-11-21 00:00:00,Togo,Senegal,6.66,3.78,1.48,0.1377,0.2426,0.6197
2023-11-21 00:00:00,Uruguay,Bolivia,1.11,8.69,20.94,0.8469,0.1082,0.0449
2023-11-21 00:00:00,Uzbekistan,Iran,2.92,2.77,2.57,0.3134,0.3304,0.3561
2023-11-21 00:00:00,Vietnam,Iraq,4.11,3.13,1.88,0.2223,0.2918,0.4859
2023-11-20 00:00:00,Chad,Madagascar,5.97,3.55,1.56,0.1536,0.2584,0.588
2023-11-20 00:00:00,Djibouti,Guinea Bissau,12.63,6.16,1.19,0.0732,0.1501,0.7768
2023-11-20 00:00:00,Gambia,Ivory Coast,7.91,4.3,1.37,0.1161,0.2136,0.6703
2023-11-20 00:00:00,Mali,Central Africa,1.17,6.25,16.44,0.7947,0.1488,0.0566
2023-11-20 00:00:00,Seychelles,Kenya,56.86,18.29,1.02,0.0167,0.0519,0.9314
2023-11-19 00:00:00,Burundi,Gabon,3.28,3.14,2.14,0.2795,0.292,0.4285
2023-11-19 00:00:00,Mozambique,Algeria,6.34,3.68,1.53,0.1456,0.2509,0.6035
2023-11-19 00:00:00,Sierra Leone,Egypt,14.31,4.89,1.24,0.0647,0.1892,0.7461
2023-11-19 00:00:00,Sudan,DR Congo,5.63,3.49,1.61,0.1637,0.264,0.5723
2023-11-19 00:00:00,Zimbabwe,Nigeria,12.06,4.36,1.3,0.0767,0.2121,0.7113
2023-11-18 00:00:00,Niger,Tanzania,3.41,2.86,2.26,0.2702,0.3221,0.4077
2023-11-18 00:00:00,Senegal,South Sudan,1.04,13.0,43.78,0.906,0.0725,0.0215
2023-11-18 00:00:00,South Africa,Benin,1.59,3.54,5.77,0.5798,0.2604,0.1598
2023-11-17 00:00:00,Argentina,Uruguay,1.57,3.67,6.42,0.598,0.2558,0.1462
2023-11-17 00:00:00,Burkina Faso,Guinea Bissau,1.93,2.94,4.38,0.4768,0.313,0.2101
2023-11-17 00:00:00,Cameroon,Mauritius,1.05,11.5,27.6,0.8855,0.0808,0.0337
2023-11-17 00:00:00,Chile,Paraguay,1.7,3.37,5.51,0.5516,0.2782,0.1702
2023-11-17 00:00:00,Colombia,Brazil,3.57,3.14,2.15,0.2633,0.2994,0.4373
2023-11-17 00:00:00,Comoros,Central Africa,2.21,3.02,3.31,0.4168,0.305,0.2783
2023-11-17 00:00:00,Eswatini,Libya,4.19,2.86,2.0,0.2193,0.3213,0.4594
2023-11-17 00:00:00,Ghana,Madagascar,1.24,5.09,13.17,0.7475,0.1821,0.0704
2023-11-17 00:00:00,Guinea,Uganda,1.97,2.98,4.14,0.468,0.3094,0.2227
2023-11-17 00:00:00,Ivory Coast,Seychelles,1.01,26.0,55.17,0.9459,0.0367,0.0173
2023-11-17 00:00:00,Liberia,Malawi,2.0,2.96,3.99,0.4594,0.3104,0.2303
2023-11-17 00:00:00,Mali,Chad,1.04,13.25,40.9,0.9059,0.0711,0.023
2023-11-17 00:00:00,Tunisia,Sao Tome and Principe,1.01,21.7,64.5,0.9414,0.0438,0.0147
2023-11-17 00:00:00,Zambia,Congo,1.43,3.93,7.89,0.6472,0.2355,0.1173
2023-11-16 00:00:00,Algeria,Somalia,1.01,19.1,53.1,0.9329,0.0493,0.0177
2023-11-16 00:00:00,Australia,Bangladesh,1.01,34.5,64.83,0.9571,0.028,0.0149
2023-11-16 00:00:00,Bolivia,Peru,2.24,2.98,3.55,0.4197,0.3155,0.2648
2023-11-16 00:00:00,Botswana,Mozambique,2.28,2.86,3.39,0.4049,0.3228,0.2723
2023-11-16 00:00:00,Burundi,Gambia,3.98,2.86,2.09,0.2328,0.3239,0.4433
2023-11-16 00:00:00,Cape Verde,Angola,1.87,3.1,4.42,0.4935,0.2977,0.2088
2023-11-16 00:00:00,Egypt,Djibouti,1.01,20.0,55.2,0.9356,0.0472,0.0171
2023-11-16 00:00:00,Gabon,Kenya,1.87,3.08,4.51,0.4946,0.3003,0.2051
2023-11-16 00:00:00,Iran,Hong Kong,1.01,21.29,59.43,0.9395,0.0446,0.016
2023-11-16 00:00:00,Iraq,Indonesia,1.32,4.57,9.31,0.699,0.2019,0.0991
2023-11-16 00:00:00,Japan,Myanmar,1.0,57.67,102.0,0.9736,0.0169,0.0095
2023-11-16 00:00:00,Kuwait,India,1.66,3.32,5.28,0.5511,0.2756,0.1733
2023-11-16 00:00:00,Lebanon,Palestine,3.03,2.76,2.49,0.3017,0.3312,0.3671
2023-11-16 00:00:00,Malaysia,Kyrgyzstan,1.59,3.59,5.38,0.5752,0.2548,0.17
2023-11-16 00:00:00,Nigeria,Lesotho,1.09,8.88,28.2,0.861,0.1057,0.0333
2023-11-16 00:00:00,Oman,Chinese Taipei,1.05,12.38,33.0,0.8955,0.076,0.0285
2023-11-16 00:00:00,Philippines,Vietnam,5.5,3.5,1.6,0.1664,0.2615,0.5721
2023-11-16 00:00:00,Qatar,Afghanistan,1.01,19.25,55.88,0.9341,0.049,0.0169
2023-11-16 00:00:00,Saudi Arabia,Pakistan,1.01,25.67,58.33,0.9464,0.0372,0.0164
2023-11-16 00:00:00,South Korea,Singapore,1.01,35.67,70.33,0.9591,0.0272,0.0138
2023-11-16 00:00:00,Sudan,Togo,3.4,2.93,2.23,0.2714,0.3149,0.4137
2023-11-16 00:00:00,Syria,North Korea,1.97,3.01,3.89,0.4628,0.3029,0.2344
2023-11-16 00:00:00,Tajikistan,Jordan,3.28,2.91,2.25,0.2789,0.3144,0.4066
2023-11-16 00:00:00,Thailand,China,2.2,3.27,2.95,0.4135,0.2782,0.3084
2023-11-16 00:00:00,Turkmenistan,Uzbekistan,7.34,3.95,1.43,0.1251,0.2325,0.6423
2023-11-16 00:00:00,United Arab Emirates,Nepal,1.01,21.38,80.63,0.9436,0.0446,0.0118
2023-11-16 00:00:00,Venezuela,Ecuador,2.7,2.84,2.88,0.3462,0.3292,0.3246
2023-11-16 00:00:00,Yemen,Bahrain,16.33,4.79,1.23,0.0565,0.1928,0.7507
2023-11-15 00:00:00,DR Congo,Mauritania,1.49,3.76,6.9,0.6203,0.2458,0.1339
2023-11-15 00:00:00,Ethiopia,Sierra Leone,2.45,2.79,3.13,0.3758,0.33,0.2942
2023-11-15 00:00:00,Rwanda,Zimbabwe,2.11,2.92,3.72,0.4367,0.3156,0.2477
2023-10-18 00:00:00,Ecuador,Colombia,2.04,3.04,4.06,0.4601,0.3087,0.2312
2023-10-18 00:00:00,Peru,Argentina,10.34,4.38,1.36,0.0912,0.2153,0.6935
2023-10-18 00:00:00,Uruguay,Brazil,4.15,3.41,1.89,0.2266,0.2758,0.4976
2023-10-17 00:00:00,Bangladesh,Maldives,1.66,3.11,5.94,0.5515,0.2944,0.1541
2023-10-17 00:00:00,Bhutan,Hong Kong,11.56,5.69,1.21,0.0795,0.1614,0.7591
2023-10-17 00:00:00,Brunei,Indonesia,50.71,18.71,1.01,0.0185,0.0503,0.9312
2023-10-17 00:00:00,Guam,Singapore,8.5,4.69,1.32,0.1081,0.1959,0.696
2023-10-17 00:00:00,Laos,Nepal,2.32,2.81,3.21,0.3924,0.324,0.2836
2023-10-17 00:00:00,Macau,Myanmar,13.13,6.69,1.17,0.0705,0.1384,0.7911
2023-10-17 00:00:00,Mongolia,Afghanistan,3.9,2.88,2.05,0.2349,0.3181,0.4469
2023-10-17 00:00:00,Pakistan,Cambodia,2.59,2.65,3.04,0.3534,0.3454,0.3011
2023-10-17 00:00:00,Paraguay,Bolivia,1.3,5.25,9.94,0.7255,0.1796,0.0949
2023-10-17 00:00:00,Sri Lanka,Yemen,4.36,3.16,1.8,0.2082,0.2873,0.5044
2023-10-17 00:00:00,Timor-Leste,Chinese Taipei,22.19,8.06,1.11,0.0421,0.1159,0.8419
2023-10-17 00:00:00,Venezuela,Chile,2.59,3.0,2.89,0.3624,0.3129,0.3248
2023-10-13 00:00:00,Argentina,Paraguay,1.22,5.82,13.89,0.7707,0.1616,0.0677
2023-10-13 00:00:00,Bolivia,Ecuador,5.29,3.49,1.69,0.1771,0.2685,0.5544
2023-10-13 00:00:00,Brazil,Venezuela,1.07,10.72,32.89,0.8831,0.0881,0.0287
2023-10-13 00:00:00,Chile,Peru,1.67,3.52,5.63,0.5646,0.2679,0.1675
2023-10-12 00:00:00,Afghanistan,Mongolia,1.29,4.71,10.78,0.7176,0.1965,0.0859
2023-10-12 00:00:00,Cambodia,Pakistan,1.5,3.86,6.31,0.6149,0.2389,0.1462
2023-10-12 00:00:00,Chinese Taipei,Timor-Leste,1.11,8.44,20.13,0.8427,0.1108,0.0465
2023-10-12 00:00:00,Colombia,Uruguay,2.11,3.17,3.62,0.4447,0.296,0.2592
2023-10-12 00:00:00,Hong Kong,Bhutan,1.01,21.13,52.63,0.9372,0.0448,0.018
2023-10-12 00:00:00,Indonesia,Brunei,1.01,33.5,58.5,0.9547,0.0288,0.0165
2023-10-12 00:00:00,Maldives,Bangladesh,2.69,2.87,2.67,0.3396,0.3183,0.3421
2023-10-12 00:00:00,Myanmar,Macau,1.04,12.88,55.75,0.9096,0.0734,0.017
2023-10-12 00:00:00,Nepal,Laos,1.46,3.97,6.43,0.627,0.2306,0.1424
2023-10-12 00:00:00,Singapore,Guam,1.06,10.56,29.5,0.88,0.0883,0.0316
2023-10-12 00:00:00,Yemen,Sri Lanka,1.23,5.25,13.94,0.7561,0.1772,0.0667
2023-09-13 00:00:00,Chile,Colombia,3.3,3.01,2.33,0.2847,0.3121,0.4032
2023-09-13 00:00:00,Peru,Brazil,12.81,5.53,1.24,0.0733,0.1697,0.757
2023-09-12 00:00:00,Bolivia,Argentina,5.53,3.57,1.66,0.1701,0.2634,0.5665
2023-09-12 00:00:00,Ecuador,Uruguay,1.96,3.06,4.43,0.4801,0.3075,0.2124
2023-09-12 00:00:00,Venezuela,Paraguay,2.36,2.97,3.27,0.3974,0.3158,0.2868
2023-09-09 00:00:00,Brazil,Bolivia,1.05,14.06,35.56,0.9056,0.0676,0.0267
2023-09-09 00:00:00,Uruguay,Chile,1.63,3.6,5.87,0.5779,0.2617,0.1605
2023-09-08 00:00:00,Argentina,Ecuador,1.33,4.67,10.78,0.7101,0.2022,0.0876
2023-09-08 00:00:00,Colombia,Venezuela,1.29,5.0,12.61,0.7351,0.1897,0.0752
2023-09-07 00:00:00,Paraguay,Peru,1.83,3.29,4.69,0.5138,0.2858,0.2005
